date,product_code,product,variant,sold_quantity,gross_price,gross_price_total
2020-09-01,A0118150101,"AQ Dracula HDD – 3.5 Inch SATA 6 Gb/s 5400 RPM 256 MB Cache",Standard,202,19.0573,3849.5746
2020-09-01,A4419110403,"AQ Elite","Standard Red",16,288.0503,4608.8048
2020-09-01,A2720150701,"AQ Trigger Ms","Standard 1",822,17.0917,14049.3774
2020-09-01,A4218110204,"AQ Digit","Plus Grey",27,232.1038,6266.8026
2020-09-01,A5419110205,"AQ Gamer 2","Plus Cool Blue",7,570.7578,3995.3046
2020-09-01,A5419110206,"AQ Gamer 2","Plus Black",4,601.6398,2406.5592
2020-09-01,A3220150401,"AQ Lite","Standard 1",197,18.4943,3643.3771
2020-09-01,A5419110204,"AQ Gamer 2","Plus Firey Red",5,602.9200,3014.6000
2020-09-01,A2620150606,"AQ Qwerty Ms","Premium 2",688,16.7850,11548.0800
2020-09-01,A0118150102,"AQ Dracula HDD – 3.5 Inch SATA 6 Gb/s 5400 RPM 256 MB Cache",Plus,162,21.4565,3475.9530
2020-09-01,A4319110304,"AQ Velocity","Plus Grey",40,267.0636,10682.5440
2020-09-01,A5419110207,"AQ Gamer 2","Premium Black",5,599.2302,2996.1510
2020-09-01,A2721150702,"AQ Trigger Ms","Standard 2",171,17.2368,2947.4928
2020-09-01,A2021150503,"AQ MB Lito 2","Plus 2",17,45.4377,772.4409
2020-09-01,A5419110208,"AQ Gamer 2","Premium Misty Green",4,608.4070,2433.6280
2020-09-01,A3718150103,"AQ LION x1","Plus 2",28,17.5697,491.9516
2020-09-01,A3920150305,"AQ LION x3",Premium,66,27.4546,1812.0036
2020-09-01,A5419110203,"AQ Gamer 2","Standard Black",14,595.5711,8337.9954
2020-09-01,A0118150103,"AQ Dracula HDD – 3.5 Inch SATA 6 Gb/s 5400 RPM 256 MB Cache",Premium,193,21.7795,4203.4435
2020-09-01,A6818160202,"AQ Pen Drive DRC",Plus,855,3.8531,3294.4005
2020-09-01,A4118110105,"AQ Aspiron","Plus Blue",22,182.8932,4023.6504
2020-09-01,A2620150605,"AQ Qwerty Ms","Premium 1",200,16.5882,3317.6400
2020-09-01,A3320150506,"AQ Maxima","Premium 2",530,23.7678,12596.9340
2020-09-01,A5419110202,"AQ Gamer 2","Standard Cool Blue",6,567.9271,3407.5626
2020-09-01,A2721150703,"AQ Trigger Ms","Plus 1",331,16.9353,5605.5843
2020-09-01,A0921150601,"AQ Marquee P4",Standard,56,45.0813,2524.5528
2020-09-01,A5519110301,"AQ Gamer 3","Standard Firey Red",3,589.7411,1769.2233
2020-09-01,A0118150104,"AQ Dracula HDD – 3.5 Inch SATA 6 Gb/s 5400 RPM 256 MB Cache","Premium Plus",146,22.9729,3354.0434
2020-09-01,A4519110503,"AQ Gen X","Standard Red",21,306.9189,6445.2969
2020-09-01,A5519110302,"AQ Gamer 3","Standard Cool Blue",13,605.8642,7876.2346
2020-09-01,A6819160203,"AQ Pen Drive DRC",Premium,1556,5.0984,7933.1104
2020-09-01,A2620150604,"AQ Qwerty Ms","Plus 2",433,16.5491,7165.7603
2020-09-01,A4620110608,"AQ Gen Y","Premium Misty Green",27,363.0630,9802.7010
2020-09-01,A5419110201,"AQ Gamer 2","Standard Firey Red",11,585.0003,6435.0033
2020-09-01,A5519110303,"AQ Gamer 3","Standard Black",4,604.2721,2417.0884
2020-09-01,A2020150502,"AQ MB Lito 2","Plus 1",115,39.3932,4530.2180
2020-09-01,A0219150201,"AQ WereWolf NAS Internal Hard Drive HDD – 8.89 cm",Standard,149,23.6987,3531.1063
2020-09-01,A1320150403,"AQ Electron 5 3600 Desktop Processor",Premium,186,160.6912,29888.5632
2020-09-01,A2620150603,"AQ Qwerty Ms","Plus 1",915,15.9792,14620.9680
2020-09-01,A2721150704,"AQ Trigger Ms","Plus 2",472,19.5860,9244.5920
2020-09-01,A3220150402,"AQ Lite","Standard 2",275,18.7947,5168.5425
2020-09-01,A5519110304,"AQ Gamer 3","Plus Firey Red",6,597.7704,3586.6224
2020-09-01,A5520110305,"AQ Gamer 3","Plus Cool Blue",6,632.4885,3794.9310
2020-09-01,A5318110108,"AQ Gamer 1","Premium Misty Green",17,579.6609,9854.2353
2020-09-01,A2620150602,"AQ Qwerty Ms","Standard 2",664,15.8102,10497.9728
2020-09-01,A0219150202,"AQ WereWolf NAS Internal Hard Drive HDD – 8.89 cm",Plus,107,24.7312,2646.2384
2020-09-01,A1521150602,"AQ Electron 3 3600 Desktop Processor",Plus,168,185.4599,31157.2632
2020-09-01,A5520110306,"AQ Gamer 3","Plus Black",14,639.6816,8955.5424
2020-09-01,A7118160101,"AQ Wi Power Dx1",Standard,528,29.6712,15666.3936
2020-09-01,A5318110107,"AQ Gamer 1","Premium Black",8,571.6489,4573.1912
2020-09-01,A5520110307,"AQ Gamer 3","Premium Black",5,609.7926,3048.9630
2020-09-01,A2721150705,"AQ Trigger Ms","Premium 1",1021,19.4042,19811.6882
2020-09-01,A1018150101,"AQ 5000 Series Electron 9 5900X Desktop Processor",Standard,91,111.1036,10110.4276
2020-09-01,A2620150601,"AQ Qwerty Ms","Standard 1",570,14.9013,8493.7410
2020-09-01,A0220150203,"AQ WereWolf NAS Internal Hard Drive HDD – 8.89 cm",Premium,123,23.6154,2904.6942
2020-09-01,A3421150605,"AQ Qwerty","Premium 1",417,29.8692,12455.4564
2020-09-01,A5520110308,"AQ Gamer 3","Premium Misty Green",11,590.1159,6491.2749
2020-09-01,A2020150501,"AQ MB Lito 2",Standard,143,41.3696,5915.8528
2020-09-01,A4020150401,"AQ Mx NB",Standard,31,26.9302,834.8362
2020-09-01,A5318110106,"AQ Gamer 1","Plus Black",14,565.8747,7922.2458
2020-09-01,A2520150506,"AQ Maxima Ms","Premium 2",973,14.5677,14174.3721
2020-09-01,A4620110607,"AQ Gen Y","Premium Black",20,347.8030,6956.0600
2020-09-01,A5318110105,"AQ Gamer 1","Plus Cool Blue",8,551.3303,4410.6424
2020-09-01,A0320150301,"AQ Zion Saga",Standard,146,23.7223,3463.4558
2020-09-01,A7119160102,"AQ Wi Power Dx1",Plus,619,29.9264,18524.4416
2020-09-01,A5620110401,"AQ Smash 1","Standard Firey Red",8,642.0698,5136.5584
2020-09-01,A2721150706,"AQ Trigger Ms","Premium 2",404,20.0537,8101.6948
2020-09-01,A1718150202,"AQ MB Crossx","Plus 1",102,22.8957,2335.3614
2020-09-01,A5620110402,"AQ Smash 1","Standard Cool Blue",8,593.8297,4750.6376
2020-09-01,A4021150405,"AQ Mx NB",Premium,36,31.7029,1141.3044
2020-09-01,A3718150102,"AQ LION x1","Plus 1 ",25,16.1015,402.5375
2020-09-01,A4620110606,"AQ Gen Y","Plus Red",33,348.5375,11501.7375
2020-09-01,A0321150302,"AQ Zion Saga",Plus,236,27.1027,6396.2372
2020-09-01,A7119160103,"AQ Wi Power Dx1",Premium,480,28.7736,13811.3280
2020-09-01,A2520150505,"AQ Maxima Ms","Premium 1",497,15.1762,7542.5714
2020-09-01,A5318110104,"AQ Gamer 1","Plus Firey Red",9,586.3824,5277.4416
2020-09-01,A5621110403,"AQ Smash 1","Standard Black",13,631.1855,8205.4115
2020-09-01,A5621110404,"AQ Smash 1","Plus Firey Red",15,639.9614,9599.4210
2020-09-01,A2821150801,"AQ Lumina Ms","Standard 1",314,21.7118,6817.5052
2020-09-01,A1018150102,"AQ 5000 Series Electron 9 5900X Desktop Processor",Plus,51,123.4797,6297.4647
2020-09-01,A4118110106,"AQ Aspiron","Plus Red",9,187.7533,1689.7797
2020-09-01,A0321150303,"AQ Zion Saga",Premium,137,28.0059,3836.8083
2020-09-01,A3819150203,"AQ LION x2","Plus 2",88,18.4533,1623.8904
2020-09-01,A2520150504,"AQ Maxima Ms","Plus 2",709,14.2800,10124.5200
2020-09-01,A5621110405,"AQ Smash 1","Plus Cool Blue",12,601.8173,7221.8076
2020-09-01,A4218110205,"AQ Digit","Plus Blue",40,240.1403,9605.6120
2020-09-01,A5318110103,"AQ Gamer 1","Standard Black",6,584.9722,3509.8332
2020-09-01,A2520150503,"AQ Maxima Ms","Plus 1",872,14.1682,12354.6704
2020-09-01,A3220150403,"AQ Lite","Plus 1",781,18.5844,14514.4164
2020-09-01,A5220110408,"AQ BZ Gen Z","Premium Misty Green",12,533.0397,6396.4764
2020-09-01,A0418150103,"AQ Mforce Gen X","Standard 3",23,19.5235,449.0405
2020-09-01,A4519110502,"AQ Gen X","Standard Blue",40,300.3378,12013.5120
2020-09-01,A5621110406,"AQ Smash 1","Plus Black",10,644.3777,6443.7770
2020-09-01,A2918150101,"AQ Master wired x1","Standard 1",373,6.8991,2573.3643
2020-09-01,A1920150404,"AQ MB Lito",Premium,81,38.9780,3157.2180
2020-09-01,A5621110407,"AQ Smash 1","Premium Black",10,655.7782,6557.7820
2020-09-01,A7219160201,"AQ Wi Power Dx2",Standard,616,32.9575,20301.8200
2020-09-01,A2520150502,"AQ Maxima Ms","Standard 2",903,14.5267,13117.6101
2020-09-01,A3320150504,"AQ Maxima","Plus 2",723,22.1341,16002.9543
2020-09-01,A0418150104,"AQ Mforce Gen X","Plus 1",82,19.9239,1633.7598
2020-09-01,A4620110605,"AQ Gen Y","Plus Blue",16,349.2525,5588.0400
2020-09-01,A5621110408,"AQ Smash 1","Premium Misty Green",14,657.2525,9201.5350
2020-09-01,A5219110407,"AQ BZ Gen Z","Premium Black",22,545.5931,12003.0482
2020-09-01,A5721110501,"AQ Smash 2","Standard Firey Red",7,649.6929,4547.8503
2020-09-01,A1018150103,"AQ 5000 Series Electron 9 5900X Desktop Processor",Premium,159,123.9315,19705.1085
2020-09-01,A2918150102,"AQ Master wired x1","Standard 2",296,7.5979,2248.9784
2020-09-01,A1521150601,"AQ Electron 3 3600 Desktop Processor",Standard,82,186.2917,15275.9194
2020-09-01,A4118110107,"AQ Aspiron","Premium Black",20,195.7721,3915.4420
2020-09-01,A0418150105,"AQ Mforce Gen X","Plus 2",86,20.0766,1726.5876
2020-09-01,A7220160202,"AQ Wi Power Dx2",Plus,96,35.2053,3379.7088
2020-09-01,A2520150501,"AQ Maxima Ms","Standard 1",1036,12.0689,12503.3804
2020-09-01,A4021150404,"AQ Mx NB","Plus 3",75,28.5800,2143.5000
2020-09-01,A5219110406,"AQ BZ Gen Z","Plus Red",18,550.4597,9908.2746
2020-09-01,A5721110502,"AQ Smash 2","Standard Cool Blue",13,627.9938,8163.9194
2020-09-01,A1919150403,"AQ MB Lito","Plus 2",54,35.8350,1935.0900
2020-09-01,A5219110405,"AQ BZ Gen Z","Plus Blue",11,521.2603,5733.8633
2020-09-01,A2420150406,"AQ Lite Ms","Premium 2",302,12.2979,3713.9658
2020-09-01,A0418150106,"AQ Mforce Gen X","Plus 3",48,19.9365,956.9520
2020-09-01,A4319110305,"AQ Velocity","Plus Blue",23,277.8079,6389.5817
2020-09-01,A5721110503,"AQ Smash 2","Standard Black",7,678.3035,4748.1245
2020-09-01,A2918150103,"AQ Master wired x1","Plus 1",290,7.7693,2253.0970
2020-09-01,A4620110604,"AQ Gen Y","Plus Grey",11,353.0982,3884.0802
2020-09-01,A5721110504,"AQ Smash 2","Plus Firey Red",15,655.8348,9837.5220
2020-09-01,A2419150405,"AQ Lite Ms","Premium 1",495,12.7423,6307.4385
2020-09-01,A3220150404,"AQ Lite","Plus 2",861,18.4219,15861.2559
2020-09-01,A5219110403,"AQ BZ Gen Z","Standard Red",12,525.8042,6309.6504
2020-09-01,A0519150201,"AQ Mforce Gen Y","Standard 1",138,22.3984,3090.9792
2020-09-01,A1420150501,"AQ Electron 4 3600 Desktop Processor",Standard,87,160.5082,13964.2134
2020-09-01,A5721110505,"AQ Smash 2","Plus Cool Blue",6,674.4272,4046.5632
2020-09-01,A5721110506,"AQ Smash 2","Plus Black",6,720.5460,4323.2760
2020-09-01,A7220160203,"AQ Wi Power Dx2",Premium,350,37.4784,13117.4400
2020-09-01,A5219110402,"AQ BZ Gen Z","Standard Blue",20,490.1582,9803.1640
2020-09-01,A2918150104,"AQ Master wired x1","Plus 2",239,8.9514,2139.3846
2020-09-01,A1118150201,"AQ 5000 Series Electron 8 5900X Desktop Processor",Standard,106,124.2640,13171.9840
2020-09-01,A2419150404,"AQ Lite Ms","Plus 2",144,11.6332,1675.1808
2020-09-01,A0519150202,"AQ Mforce Gen Y","Standard 2",72,24.9298,1794.9456
2020-09-01,A1618150101,"AQ MB Elite",Standard,117,19.6485,2298.8745
2020-09-01,A5820110101,"AQ BZ Allin1","Standard 1",27,681.3022,18395.1594
2020-09-01,A3718150105,"AQ LION x1",Premium,51,18.0312,919.5912
2020-09-01,A2419150403,"AQ Lite Ms","Plus 1",310,10.8925,3376.6750
2020-09-01,A1919150402,"AQ MB Lito","Plus 1",144,35.0256,5043.6864
2020-09-01,A5219110401,"AQ BZ Gen Z","Standard Grey",27,506.9644,13688.0388
2020-09-01,A5820110102,"AQ BZ Allin1","Standard 2",28,697.5541,19531.5148
2020-09-01,A1718150201,"AQ MB Crossx",Standard,37,21.8879,809.8523
2020-09-01,A0519150203,"AQ Mforce Gen Y","Standard 3",38,26.5871,1010.3098
2020-09-01,A7321160301,"AQ Wi Power Dx3",Standard,272,40.7954,11096.3488
2020-09-01,A5820110103,"AQ BZ Allin1","Standard 3",10,735.1465,7351.4650
2020-09-01,A2918150105,"AQ Master wired x1","Premium 1",364,9.4650,3445.2600
2020-09-01,A3421150604,"AQ Qwerty","Plus 2",114,27.4152,3125.3328
2020-09-01,A3718150101,"AQ LION x1",Standard,34,16.5127,561.4318
2020-09-01,A4620110603,"AQ Gen Y","Standard Red",8,366.0459,2928.3672
2020-09-01,A5119110308,"AQ BZ Gen Y","Premium Misty Green",9,512.5811,4613.2299
2020-09-01,A2419150402,"AQ Lite Ms","Standard 2",218,11.2819,2459.4542
2020-09-01,A0519150204,"AQ Mforce Gen Y","Plus 1",149,26.1081,3890.1069
2020-09-01,A7321160302,"AQ Wi Power Dx3",Plus,507,43.9446,22279.9122
2020-09-01,A5820110104,"AQ BZ Allin1","Plus 1",22,690.4971,15190.9362
2020-09-01,A4319110306,"AQ Velocity","Plus Red",29,275.8194,7998.7626
2020-09-01,A5119110307,"AQ BZ Gen Y","Premium Black",27,516.4580,13944.3660
2020-09-01,A5820110105,"AQ BZ Allin1","Plus 2",19,709.3926,13478.4594
2020-09-01,A2918150106,"AQ Master wired x1","Premium 2",602,10.4188,6272.1176
2020-09-01,A1118150202,"AQ 5000 Series Electron 8 5900X Desktop Processor",Plus,33,129.5836,4276.2588
2020-09-01,A2419150401,"AQ Lite Ms","Standard 1",181,11.4829,2078.4049
2020-09-01,A0519150205,"AQ Mforce Gen Y","Plus 2",29,29.7008,861.3232
2020-09-01,A1618150102,"AQ MB Elite","Plus 1",141,20.4629,2885.2689
2020-09-01,A5820110106,"AQ BZ Allin1","Plus 3",14,692.5242,9695.3388
2020-09-01,A4218110201,"AQ Digit","Standard Grey",11,200.2732,2203.0052
2020-09-01,A1919150401,"AQ MB Lito",Standard,103,33.7609,3477.3727
2020-09-01,A5119110306,"AQ BZ Gen Y","Plus Red",26,486.4857,12648.6282
2020-09-01,A2319150306,"AQ Gamers Ms","Premium 2",200,10.8659,2173.1800
2020-09-01,A3220150405,"AQ Lite","Premium 1",224,18.9415,4242.8960
2020-09-01,A5119110305,"AQ BZ Gen Y","Plus Blue",7,483.3813,3383.6691
2020-09-01,A0519150206,"AQ Mforce Gen Y","Plus 3",28,31.2439,874.8292
2020-09-01,A4519110501,"AQ Gen X","Standard Grey",31,311.8396,9667.0276
2020-09-01,A5820110107,"AQ BZ Allin1","Premium 1",11,737.6775,8114.4525
2020-09-01,A3018150201,"AQ Master wireless x1","Standard 1",649,10.7955,7006.2795
2020-09-01,A7321160303,"AQ Wi Power Dx3",Premium,190,42.8483,8141.1770
2020-09-01,A5821110108,"AQ BZ Allin1","Premium 2",18,746.7388,13441.2984
2020-09-01,A2319150305,"AQ Gamers Ms","Premium 1",516,10.4370,5385.4920
2020-09-01,A6018110101,"AQ Home Allin1","Standard 1",1,800.4577,800.4577
2020-09-01,A3818150202,"AQ LION x2","Plus 1 ",87,17.5197,1524.2139
2020-09-01,A0519150207,"AQ Mforce Gen Y","Premium 1",171,32.4427,5547.7017
2020-09-01,A4620110602,"AQ Gen Y","Standard Blue",10,346.6886,3466.8860
2020-09-01,A6018110102,"AQ Home Allin1","Standard 2",5,764.0542,3820.2710
2020-09-01,A5119110303,"AQ BZ Gen Y","Standard Red",23,474.3154,10909.2542
2020-09-01,A2319150304,"AQ Gamers Ms","Plus 2",466,10.4573,4873.1018
2020-09-01,A3521150703,"AQ Trigger","Plus 1",444,31.7665,14104.3260
2020-09-01,A3018150202,"AQ Master wireless x1","Standard 2",876,11.0524,9681.9024
2020-09-01,A1119150203,"AQ 5000 Series Electron 8 5900X Desktop Processor",Premium,158,139.8962,22103.5996
2020-09-01,A6018110103,"AQ Home Allin1","Standard 3",6,770.9789,4625.8734
2020-09-01,A0519150208,"AQ Mforce Gen Y","Premium 2",118,30.5816,3608.6288
2020-09-01,A1618150104,"AQ MB Elite",Premium,67,21.4489,1437.0763
2020-09-01,A6018110104,"AQ Home Allin1","Plus 1",5,749.0987,3745.4935
2020-09-01,A3819150205,"AQ LION x2",Premium,55,21.6066,1188.3630
2020-09-01,A5119110302,"AQ BZ Gen Y","Standard Blue",24,474.3132,11383.5168
2020-09-01,A4218110202,"AQ Digit","Standard Blue",9,215.9341,1943.4069
2020-09-01,A1819150304,"AQ MB Crossx 2",Premium,84,32.2612,2709.9408
2020-09-01,A5119110301,"AQ BZ Gen Y","Standard Grey",10,479.0441,4790.4410
2020-09-01,A2319150303,"AQ Gamers Ms","Plus 1",888,9.3977,8345.1576
2020-09-01,A0619150301,"AQ Mforce Gen Z","Standard 1",51,30.4696,1553.9496
2020-09-01,A3920150304,"AQ LION x3","Plus 3",75,25.0442,1878.3150
2020-09-01,A6018110105,"AQ Home Allin1","Plus 2",2,766.6472,1533.2944
2020-09-01,A3018150203,"AQ Master wireless x1","Plus 1",635,12.3739,7857.4265
2020-09-01,A4620110601,"AQ Gen Y","Standard Grey",31,347.2474,10764.6694
2020-09-01,A3819150204,"AQ LION x2","Plus 3",28,21.1942,593.4376
2020-09-01,A4218110206,"AQ Digit","Plus Red",15,237.0183,3555.2745
2020-09-01,A3220150406,"AQ Lite","Premium 2",451,20.0066,9022.9766
2020-09-01,A5019110208,"AQ BZ Compact","Premium Misty Green",19,467.3047,8878.7893
2020-09-01,A0619150302,"AQ Mforce Gen Z","Standard 2",191,34.0973,6512.5843
2020-09-01,A1420150502,"AQ Electron 4 3600 Desktop Processor",Plus,81,169.4999,13729.4919
2020-09-01,A2319150302,"AQ Gamers Ms","Standard 2",537,8.9901,4827.6837
2020-09-01,A6018110106,"AQ Home Allin1","Plus 3",6,787.5874,4725.5244
2020-09-01,A4218110207,"AQ Digit","Premium Black",26,249.1303,6477.3878
2020-09-01,A5018110207,"AQ BZ Compact","Premium Black",17,475.1904,8078.2368
2020-09-01,A3019150204,"AQ Master wireless x1","Plus 2",202,11.6011,2343.4222
2020-09-01,A1219150301,"AQ 5000 Series Ultron 8 5900X Desktop Processor",Standard,114,135.6822,15467.7708
2020-09-01,A6019110107,"AQ Home Allin1","Premium 1",4,785.9918,3143.9672
2020-09-01,A0620150303,"AQ Mforce Gen Z","Standard 3",167,34.2412,5718.2804
2020-09-01,A4419110404,"AQ Elite","Plus Grey",29,286.8973,8320.0217
2020-09-01,A2319150301,"AQ Gamers Ms","Standard 1",765,8.8044,6735.3660
2020-09-01,A4021150403,"AQ Mx NB","Plus 2",52,29.9423,1556.9996
2020-09-01,A6019110108,"AQ Home Allin1","Premium 2",5,796.6606,3983.3030
2020-09-01,A1819150303,"AQ MB Crossx 2","Plus 2",48,32.1924,1545.2352
2020-09-01,A5018110206,"AQ BZ Compact","Plus Red",27,475.5544,12839.9688
2020-09-01,A6119110201,"AQ HOME Allin1 Gen 2","Standard 1",2,824.0889,1648.1778
2020-09-01,A4419110401,"AQ Elite","Standard Grey",9,271.3471,2442.1239
2020-09-01,A0620150304,"AQ Mforce Gen Z","Plus 1",122,37.5826,4585.0772
2020-09-01,A3320150505,"AQ Maxima","Premium 1",576,23.0844,13296.6144
2020-09-01,A2219150206,"AQ Master wireless x1 Ms","Premium 2",578,8.3193,4808.5554
2020-09-01,A3019150205,"AQ Master wireless x1","Premium 1",260,12.0509,3133.2340
2020-09-01,A4520110508,"AQ Gen X","Premium Misty Green",28,327.0930,9158.6040
2020-09-01,A6119110202,"AQ HOME Allin1 Gen 2","Standard 2",3,790.1040,2370.3120
2020-09-01,A3521150705,"AQ Trigger","Premium 1",796,34.5114,27471.0744
2020-09-01,A5018110205,"AQ BZ Compact","Plus Blue",24,486.1763,11668.2312
2020-09-01,A2219150205,"AQ Master wireless x1 Ms","Premium 1",969,7.9813,7733.8797
2020-09-01,A0620150305,"AQ Mforce Gen Z","Plus 2",173,36.5679,6326.2467
2020-09-01,A3521150702,"AQ Trigger","Standard 2",389,30.3414,11802.8046
2020-09-01,A6119110203,"AQ HOME Allin1 Gen 2","Standard 3",4,769.5635,3078.2540
2020-09-01,A4419110406,"AQ Elite","Plus Red",9,287.5666,2588.0994
2020-09-01,A5018110204,"AQ BZ Compact","Plus Grey",14,447.7337,6268.2718
2020-09-01,A6119110204,"AQ HOME Allin1 Gen 2","Plus 1",2,807.2638,1614.5276
2020-09-01,A3019150206,"AQ Master wireless x1","Premium 2",266,13.0018,3458.4788
2020-09-01,A4520110507,"AQ Gen X","Premium Black",29,322.9426,9365.3354
2020-09-01,A2219150204,"AQ Master wireless x1 Ms","Plus 2",749,7.3526,5507.0974
2020-09-01,A0620150306,"AQ Mforce Gen Z","Plus 3",182,37.5278,6830.0596
2020-09-01,A1219150302,"AQ 5000 Series Ultron 8 5900X Desktop Processor",Plus,168,145.1474,24384.7632
2020-09-01,A6120110205,"AQ HOME Allin1 Gen 2","Plus 2",2,834.9812,1669.9624
2020-09-01,A3421150603,"AQ Qwerty","Plus 1",579,26.9507,15604.4553
2020-09-01,A4218110208,"AQ Digit","Premium Misty Green",34,243.0414,8263.4076
2020-09-01,A5018110203,"AQ BZ Compact","Standard Red",10,452.1420,4521.4200
2020-09-01,A6120110206,"AQ HOME Allin1 Gen 2","Plus 3",4,810.6034,3242.4136
2020-09-01,A3320150501,"AQ Maxima","Standard 1",195,20.3908,3976.2060
2020-09-01,A5018110202,"AQ BZ Compact","Standard Blue",16,462.5568,7400.9088
2020-09-01,A0621150307,"AQ Mforce Gen Z","Premium 1",177,36.2434,6415.0818
2020-09-01,A3420150602,"AQ Qwerty","Standard 2",206,23.9726,4938.3556
2020-09-01,A2219150203,"AQ Master wireless x1 Ms","Plus 1",686,6.7301,4616.8486
2020-09-01,A3119150301,"AQ Gamers ","Standard 1",560,13.5061,7563.4160
2020-09-01,A1819150302,"AQ MB Crossx 2","Plus 1",38,31.9525,1214.1950
2020-09-01,A6218160101,"AQ Digit SSD",Standard,139,13.5941,1889.5799
2020-09-01,A4020150402,"AQ Mx NB","Plus 1 ",23,28.4500,654.3500
2020-09-01,A6218160102,"AQ Digit SSD",Plus,476,15.2481,7258.0956
2020-09-01,A3920150303,"AQ LION x3","Plus 2",79,25.4670,2011.8930
2020-09-01,A0621150308,"AQ Mforce Gen Z","Premium 2",166,39.3990,6540.2340
2020-09-01,A3521150701,"AQ Trigger","Standard 1",92,29.3872,2703.6224
2020-09-01,A2218150202,"AQ Master wireless x1 Ms","Standard 2",218,6.4054,1396.3772
2020-09-01,A5018110201,"AQ BZ Compact","Standard Grey",17,451.7049,7678.9833
2020-09-01,A6219160103,"AQ Digit SSD",Premium,310,16.3003,5053.0930
2020-09-01,A4419110408,"AQ Elite","Premium Misty Green",19,297.0277,5643.5263
2020-09-01,A3119150302,"AQ Gamers ","Standard 2",396,15.3071,6061.6116
2020-09-01,A1219150303,"AQ 5000 Series Ultron 8 5900X Desktop Processor",Premium,153,142.9402,21869.8506
2020-09-01,A4218110203,"AQ Digit","Standard Red",11,236.8486,2605.3346
2020-09-01,A0721150401,"AQ GT 21",Standard,22,39.3377,865.4294
2020-09-01,A1618150103,"AQ MB Elite","Plus 2",43,21.2017,911.6731
2020-09-01,A2218150201,"AQ Master wireless x1 Ms","Standard 1",129,5.4383,701.5407
2020-09-01,A3818150201,"AQ LION x2",Standard,78,17.2648,1346.6544
2020-09-01,A4918110104,"AQ BZ 101","Premium Misty Green",15,460.2805,6904.2075
2020-09-01,A6319160201,"AQ Neuer SSD",Standard,316,17.3590,5485.4440
2020-09-01,A1819150301,"AQ MB Crossx 2",Standard,20,28.8615,577.2300
2020-09-01,A4918110103,"AQ BZ 101","Premium Black",28,428.1451,11988.0628
2020-09-01,A6319160202,"AQ Neuer SSD",Plus,730,18.5733,13558.5090
2020-09-01,A0721150402,"AQ GT 21","Plus 1",62,39.1465,2427.0830
2020-09-01,A4520110506,"AQ Gen X","Plus Red",35,325.2561,11383.9635
2020-09-01,A2118150106,"AQ Master wired x1 Ms","Premium 2",944,5.2542,4959.9648
2020-09-01,A3119150303,"AQ Gamers ","Plus 1",387,16.2407,6285.1509
2020-09-01,A4318110301,"AQ Velocity","Standard Grey",29,264.7000,7676.3000
2020-09-01,A6319160203,"AQ Neuer SSD",Premium,911,19.3433,17621.7463
2020-09-01,A1421150503,"AQ Electron 4 3600 Desktop Processor",Premium,84,176.4389,14820.8676
2020-09-01,A3320150502,"AQ Maxima","Standard 2",172,21.6988,3732.1936
2020-09-01,A4918110102,"AQ BZ 101","Standard Blue",10,451.4881,4514.8810
2020-09-01,A0721150403,"AQ GT 21","Plus 2",57,39.2990,2240.0430
2020-09-01,A3420150601,"AQ Qwerty","Standard 1",375,24.5690,9213.3750
2020-09-01,A6419160301,"AQ Clx1",Standard,799,17.8043,14225.6357
2020-09-01,A2118150105,"AQ Master wired x1 Ms","Premium 1",844,4.6904,3958.6976
2020-09-01,A4319110302,"AQ Velocity","Standard Blue",38,267.2091,10153.9458
2020-09-01,A4918110101,"AQ BZ 101","Standard Grey",13,419.1936,5449.5168
2020-09-01,A3120150304,"AQ Gamers ","Plus 2",831,16.3792,13611.1152
2020-09-01,A1319150401,"AQ Electron 5 3600 Desktop Processor",Standard,152,149.1034,22663.7168
2020-09-01,A6419160302,"AQ Clx1",Plus,204,19.6723,4013.1492
2020-09-01,A0721150404,"AQ GT 21",Premium,182,39.1215,7120.1130
2020-09-01,A4419110402,"AQ Elite","Standard Blue",37,281.9504,10432.1648
2020-09-01,A3920150302,"AQ LION x3","Plus 1 ",33,23.1520,764.0160
2020-09-01,A2118150104,"AQ Master wired x1 Ms","Plus 2",433,5.0459,2184.8747
2020-09-01,A6419160303,"AQ Clx1",Premium,1028,19.3342,19875.5576
2020-09-01,A1718150204,"AQ MB Crossx",Premium,32,28.3991,908.7712
2020-09-01,A4721110705,"AQ GEN Z","Plus Blue",11,377.4069,4151.4759
2020-09-01,A6519160401,"AQ Clx2",Standard,705,20.2889,14303.6745
2020-09-01,A3920150301,"AQ LION x3",Standard,69,22.1454,1528.0326
2020-09-01,A0821150501,"AQ Marquee P3",Standard,120,40.5013,4860.1560
2020-09-01,A4520110505,"AQ Gen X","Plus Blue",24,325.2156,7805.1744
2020-09-01,A2118150103,"AQ Master wired x1 Ms","Plus 1",383,4.5295,1734.7985
2020-09-01,A3120150305,"AQ Gamers ","Premium 1",609,16.3218,9939.9762
2020-09-01,A3421150606,"AQ Qwerty","Premium 2",368,29.6709,10918.8912
2020-09-01,A6520160402,"AQ Clx2",Plus,582,20.1650,11736.0300
2020-09-01,A4419110405,"AQ Elite","Plus Blue",15,291.2071,4368.1065
2020-09-01,A4721110704,"AQ GEN Z","Plus Grey",38,380.2153,14448.1814
2020-09-01,A6520160403,"AQ Clx2",Premium,984,21.2830,20942.4720
2020-09-01,A0821150502,"AQ Marquee P3","Plus 1",106,43.2966,4589.4396
2020-09-01,A4520110504,"AQ Gen X","Plus Grey",22,341.7343,7518.1546
2020-09-01,A2118150102,"AQ Master wired x1 Ms","Standard 2",177,3.9998,707.9646
2020-09-01,A4319110303,"AQ Velocity","Standard Red",36,261.2305,9404.2980
2020-09-01,A4721110703,"AQ GEN Z","Standard Red",13,361.6496,4701.4448
2020-09-01,A6620160501,"AQ Clx3",Standard,732,22.8530,16728.3960
2020-09-01,A3120150306,"AQ Gamers ","Premium 2",194,19.3003,3744.2582
2020-09-01,A1320150402,"AQ Electron 5 3600 Desktop Processor",Plus,112,150.2450,16827.4400
2020-09-01,A3521150704,"AQ Trigger","Plus 2",137,33.6246,4606.5702
2020-09-01,A0821150503,"AQ Marquee P3","Plus 2",172,42.3841,7290.0652
2020-09-01,A4419110407,"AQ Elite","Premium Black",12,287.4934,3449.9208
2020-09-01,A2118150101,"AQ Master wired x1 Ms","Standard 1",537,2.9434,1580.6058
2020-09-01,A6720160103,"AQ Pen Drive 2 IN 1",Premium,194,4.4411,861.5734
2020-09-01,A1718150203,"AQ MB Crossx","Plus 2",110,27.3445,3007.8950
2020-09-01,A4720110702,"AQ GEN Z","Standard Blue",17,371.4027,6313.8459
2020-09-01,A6818160201,"AQ Pen Drive DRC",Standard,1697,2.9990,5089.3030
2020-09-01,A3320150503,"AQ Maxima","Plus 1",637,20.8733,13296.2921
2020-09-01,A4720110701,"AQ GEN Z","Standard Grey",10,367.7335,3677.3350
2020-09-01,A0821150504,"AQ Marquee P3",Premium,197,44.7044,8806.7668
2020-10-01,A0118150101,"AQ Dracula HDD – 3.5 Inch SATA 6 Gb/s 5400 RPM 256 MB Cache",Standard,95,19.0573,1810.4435
2020-10-01,A4021150405,"AQ Mx NB",Premium,94,31.7029,2980.0726
2020-10-01,A5419110204,"AQ Gamer 2","Plus Firey Red",8,602.9200,4823.3600
2020-10-01,A0118150102,"AQ Dracula HDD – 3.5 Inch SATA 6 Gb/s 5400 RPM 256 MB Cache",Plus,237,21.4565,5085.1905
2020-10-01,A2721150702,"AQ Trigger Ms","Standard 2",276,17.2368,4757.3568
2020-10-01,A5419110203,"AQ Gamer 2","Standard Black",6,595.5711,3573.4266
2020-10-01,A0118150103,"AQ Dracula HDD – 3.5 Inch SATA 6 Gb/s 5400 RPM 256 MB Cache",Premium,102,21.7795,2221.5090
2020-10-01,A5419110202,"AQ Gamer 2","Standard Cool Blue",16,567.9271,9086.8336
2020-10-01,A2721150703,"AQ Trigger Ms","Plus 1",1090,16.9353,18459.4770
2020-10-01,A0118150104,"AQ Dracula HDD – 3.5 Inch SATA 6 Gb/s 5400 RPM 256 MB Cache","Premium Plus",276,22.9729,6340.5204
2020-10-01,A3718150103,"AQ LION x1","Plus 2",102,17.5697,1792.1094
2020-10-01,A5419110201,"AQ Gamer 2","Standard Firey Red",9,585.0003,5265.0027
2020-10-01,A5318110108,"AQ Gamer 1","Premium Misty Green",6,579.6609,3477.9654
2020-10-01,A0219150201,"AQ WereWolf NAS Internal Hard Drive HDD – 8.89 cm",Standard,164,23.6987,3886.5868
2020-10-01,A2721150704,"AQ Trigger Ms","Plus 2",560,19.5860,10968.1600
2020-10-01,A0219150202,"AQ WereWolf NAS Internal Hard Drive HDD – 8.89 cm",Plus,97,24.7312,2398.9264
2020-10-01,A5318110107,"AQ Gamer 1","Premium Black",16,571.6489,9146.3824
2020-10-01,A2721150705,"AQ Trigger Ms","Premium 1",654,19.4042,12690.3468
2020-10-01,A0220150203,"AQ WereWolf NAS Internal Hard Drive HDD – 8.89 cm",Premium,306,23.6154,7226.3124
2020-10-01,A3819150205,"AQ LION x2",Premium,48,21.6066,1037.1168
2020-10-01,A5318110106,"AQ Gamer 1","Plus Black",13,565.8747,7356.3711
2020-10-01,A5318110105,"AQ Gamer 1","Plus Cool Blue",7,551.3303,3859.3121
2020-10-01,A0320150301,"AQ Zion Saga",Standard,205,23.7223,4863.0715
2020-10-01,A2721150706,"AQ Trigger Ms","Premium 2",241,20.0537,4832.9417
2020-10-01,A5318110104,"AQ Gamer 1","Plus Firey Red",21,586.3824,12314.0304
2020-10-01,A0321150302,"AQ Zion Saga",Plus,135,27.1027,3658.8645
2020-10-01,A2821150801,"AQ Lumina Ms","Standard 1",438,21.7118,9509.7684
2020-10-01,A0321150303,"AQ Zion Saga",Premium,249,28.0059,6973.4691
2020-10-01,A5318110103,"AQ Gamer 1","Standard Black",16,584.9722,9359.5552
2020-10-01,A5220110408,"AQ BZ Gen Z","Premium Misty Green",36,533.0397,19189.4292
2020-10-01,A0418150103,"AQ Mforce Gen X","Standard 3",220,19.5235,4295.1700
2020-10-01,A2918150101,"AQ Master wired x1","Standard 1",757,6.8991,5222.6187
2020-10-01,A4021150404,"AQ Mx NB","Plus 3",82,28.5800,2343.5600
2020-10-01,A5219110407,"AQ BZ Gen Z","Premium Black",25,545.5931,13639.8275
2020-10-01,A0418150104,"AQ Mforce Gen X","Plus 1",226,19.9239,4502.8014
2020-10-01,A5219110406,"AQ BZ Gen Z","Plus Red",9,550.4597,4954.1373
2020-10-01,A2918150102,"AQ Master wired x1","Standard 2",849,7.5979,6450.6171
2020-10-01,A0418150105,"AQ Mforce Gen X","Plus 2",248,20.0766,4978.9968
2020-10-01,A5219110405,"AQ BZ Gen Z","Plus Blue",37,521.2603,19286.6311
2020-10-01,A0418150106,"AQ Mforce Gen X","Plus 3",75,19.9365,1495.2375
2020-10-01,A2918150103,"AQ Master wired x1","Plus 1",247,7.7693,1919.0171
2020-10-01,A5219110403,"AQ BZ Gen Z","Standard Red",16,525.8042,8412.8672
2020-10-01,A0519150201,"AQ Mforce Gen Y","Standard 1",82,22.3984,1836.6688
2020-10-01,A5219110402,"AQ BZ Gen Z","Standard Blue",34,490.1582,16665.3788
2020-10-01,A2918150104,"AQ Master wired x1","Plus 2",622,8.9514,5567.7708
2020-10-01,A0519150202,"AQ Mforce Gen Y","Standard 2",49,24.9298,1221.5602
2020-10-01,A5219110401,"AQ BZ Gen Z","Standard Grey",30,506.9644,15208.9320
2020-10-01,A5119110308,"AQ BZ Gen Y","Premium Misty Green",7,512.5811,3588.0677
2020-10-01,A0519150203,"AQ Mforce Gen Y","Standard 3",193,26.5871,5131.3103
2020-10-01,A2918150105,"AQ Master wired x1","Premium 1",664,9.4650,6284.7600
2020-10-01,A3718150105,"AQ LION x1",Premium,54,18.0312,973.6848
2020-10-01,A0519150204,"AQ Mforce Gen Y","Plus 1",193,26.1081,5038.8633
2020-10-01,A5119110307,"AQ BZ Gen Y","Premium Black",27,516.4580,13944.3660
2020-10-01,A2918150106,"AQ Master wired x1","Premium 2",680,10.4188,7084.7840
2020-10-01,A0519150205,"AQ Mforce Gen Y","Plus 2",216,29.7008,6415.3728
2020-10-01,A5119110306,"AQ BZ Gen Y","Plus Red",26,486.4857,12648.6282
2020-10-01,A5119110305,"AQ BZ Gen Y","Plus Blue",36,483.3813,17401.7268
2020-10-01,A0519150206,"AQ Mforce Gen Y","Plus 3",136,31.2439,4249.1704
2020-10-01,A3018150201,"AQ Master wireless x1","Standard 1",650,10.7955,7017.0750
2020-10-01,A5119110303,"AQ BZ Gen Y","Standard Red",11,474.3154,5217.4694
2020-10-01,A0519150207,"AQ Mforce Gen Y","Premium 1",123,32.4427,3990.4521
2020-10-01,A5119110302,"AQ BZ Gen Y","Standard Blue",22,474.3132,10434.8904
2020-10-01,A3018150202,"AQ Master wireless x1","Standard 2",627,11.0524,6929.8548
2020-10-01,A0519150208,"AQ Mforce Gen Y","Premium 2",219,30.5816,6697.3704
2020-10-01,A5119110301,"AQ BZ Gen Y","Standard Grey",11,479.0441,5269.4851
2020-10-01,A0619150301,"AQ Mforce Gen Z","Standard 1",45,30.4696,1371.1320
2020-10-01,A3018150203,"AQ Master wireless x1","Plus 1",856,12.3739,10592.0584
2020-10-01,A4021150403,"AQ Mx NB","Plus 2",62,29.9423,1856.4226
2020-10-01,A5019110208,"AQ BZ Compact","Premium Misty Green",36,467.3047,16822.9692
2020-10-01,A0619150302,"AQ Mforce Gen Z","Standard 2",29,34.0973,988.8217
2020-10-01,A5018110207,"AQ BZ Compact","Premium Black",32,475.1904,15206.0928
2020-10-01,A3019150204,"AQ Master wireless x1","Plus 2",888,11.6011,10301.7768
2020-10-01,A0620150303,"AQ Mforce Gen Z","Standard 3",93,34.2412,3184.4316
2020-10-01,A5018110206,"AQ BZ Compact","Plus Red",9,475.5544,4279.9896
2020-10-01,A5018110205,"AQ BZ Compact","Plus Blue",32,486.1763,15557.6416
2020-10-01,A0620150304,"AQ Mforce Gen Z","Plus 1",242,37.5826,9094.9892
2020-10-01,A3019150205,"AQ Master wireless x1","Premium 1",696,12.0509,8387.4264
2020-10-01,A0620150305,"AQ Mforce Gen Z","Plus 2",231,36.5679,8447.1849
2020-10-01,A5018110204,"AQ BZ Compact","Plus Grey",14,447.7337,6268.2718
2020-10-01,A3019150206,"AQ Master wireless x1","Premium 2",288,13.0018,3744.5184
2020-10-01,A0620150306,"AQ Mforce Gen Z","Plus 3",231,37.5278,8668.9218
2020-10-01,A4020150402,"AQ Mx NB","Plus 1 ",30,28.4500,853.5000
2020-10-01,A5018110203,"AQ BZ Compact","Standard Red",37,452.1420,16729.2540
2020-10-01,A5018110202,"AQ BZ Compact","Standard Blue",11,462.5568,5088.1248
2020-10-01,A0621150307,"AQ Mforce Gen Z","Premium 1",47,36.2434,1703.4398
2020-10-01,A3119150301,"AQ Gamers ","Standard 1",1085,13.5061,14654.1185
2020-10-01,A5018110201,"AQ BZ Compact","Standard Grey",16,451.7049,7227.2784
2020-10-01,A0621150308,"AQ Mforce Gen Z","Premium 2",235,39.3990,9258.7650
2020-10-01,A4918110104,"AQ BZ 101","Premium Misty Green",33,460.2805,15189.2565
2020-10-01,A3119150302,"AQ Gamers ","Standard 2",796,15.3071,12184.4516
2020-10-01,A0721150401,"AQ GT 21",Standard,218,39.3377,8575.6186
2020-10-01,A4918110103,"AQ BZ 101","Premium Black",15,428.1451,6422.1765
2020-10-01,A0721150402,"AQ GT 21","Plus 1",43,39.1465,1683.2995
2020-10-01,A3119150303,"AQ Gamers ","Plus 1",698,16.2407,11336.0086
2020-10-01,A3818150201,"AQ LION x2",Standard,67,17.2648,1156.7416
2020-10-01,A4918110102,"AQ BZ 101","Standard Blue",29,451.4881,13093.1549
2020-10-01,A0721150403,"AQ GT 21","Plus 2",184,39.2990,7231.0160
2020-10-01,A4918110101,"AQ BZ 101","Standard Grey",18,419.1936,7545.4848
2020-10-01,A3120150304,"AQ Gamers ","Plus 2",583,16.3792,9549.0736
2020-10-01,A0721150404,"AQ GT 21",Premium,64,39.1215,2503.7760
2020-10-01,A4721110705,"AQ GEN Z","Plus Blue",36,377.4069,13586.6484
2020-10-01,A4721110704,"AQ GEN Z","Plus Grey",44,380.2153,16729.4732
2020-10-01,A0821150501,"AQ Marquee P3",Standard,174,40.5013,7047.2262
2020-10-01,A3120150305,"AQ Gamers ","Premium 1",888,16.3218,14493.7584
2020-10-01,A3920150301,"AQ LION x3",Standard,94,22.1454,2081.6676
2020-10-01,A0821150502,"AQ Marquee P3","Plus 1",237,43.2966,10261.2942
2020-10-01,A4721110703,"AQ GEN Z","Standard Red",34,361.6496,12296.0864
2020-10-01,A3120150306,"AQ Gamers ","Premium 2",746,19.3003,14398.0238
2020-10-01,A0821150503,"AQ Marquee P3","Plus 2",237,42.3841,10045.0317
2020-10-01,A4720110702,"AQ GEN Z","Standard Blue",18,371.4027,6685.2486
2020-10-01,A4720110701,"AQ GEN Z","Standard Grey",35,367.7335,12870.6725
2020-10-01,A0821150504,"AQ Marquee P3",Premium,249,44.7044,11131.3956
2020-10-01,A3220150401,"AQ Lite","Standard 1",851,18.4943,15738.6493
2020-10-01,A4020150401,"AQ Mx NB",Standard,32,26.9302,861.7664
2020-10-01,A4620110608,"AQ Gen Y","Premium Misty Green",11,363.0630,3993.6930
2020-10-01,A0921150601,"AQ Marquee P4",Standard,217,45.0813,9782.6421
2020-10-01,A4620110607,"AQ Gen Y","Premium Black",31,347.8030,10781.8930
2020-10-01,A3220150402,"AQ Lite","Standard 2",947,18.7947,17798.5809
2020-10-01,A1018150101,"AQ 5000 Series Electron 9 5900X Desktop Processor",Standard,132,111.1036,14665.6752
2020-10-01,A4620110606,"AQ Gen Y","Plus Red",35,348.5375,12198.8125
2020-10-01,A1018150102,"AQ 5000 Series Electron 9 5900X Desktop Processor",Plus,226,123.4797,27906.4122
2020-10-01,A3220150403,"AQ Lite","Plus 1",654,18.5844,12154.1976
2020-10-01,A4620110605,"AQ Gen Y","Plus Blue",14,349.2525,4889.5350
2020-10-01,A1018150103,"AQ 5000 Series Electron 9 5900X Desktop Processor",Premium,196,123.9315,24290.5740
2020-10-01,A4620110604,"AQ Gen Y","Plus Grey",37,353.0982,13064.6334
2020-10-01,A3220150404,"AQ Lite","Plus 2",554,18.4219,10205.7326
2020-10-01,A1118150201,"AQ 5000 Series Electron 8 5900X Desktop Processor",Standard,138,124.2640,17148.4320
2020-10-01,A3920150305,"AQ LION x3",Premium,108,27.4546,2965.0968
2020-10-01,A4620110603,"AQ Gen Y","Standard Red",14,366.0459,5124.6426
2020-10-01,A4620110602,"AQ Gen Y","Standard Blue",31,346.6886,10747.3466
2020-10-01,A1118150202,"AQ 5000 Series Electron 8 5900X Desktop Processor",Plus,108,129.5836,13995.0288
2020-10-01,A3220150405,"AQ Lite","Premium 1",1089,18.9415,20627.2935
2020-10-01,A1119150203,"AQ 5000 Series Electron 8 5900X Desktop Processor",Premium,220,139.8962,30777.1640
2020-10-01,A4620110601,"AQ Gen Y","Standard Grey",21,347.2474,7292.1954
2020-10-01,A3220150406,"AQ Lite","Premium 2",760,20.0066,15205.0160
2020-10-01,A1219150301,"AQ 5000 Series Ultron 8 5900X Desktop Processor",Standard,97,135.6822,13161.1734
2020-10-01,A3818150202,"AQ LION x2","Plus 1 ",19,17.5197,332.8743
2020-10-01,A4520110508,"AQ Gen X","Premium Misty Green",43,327.0930,14064.9990
2020-10-01,A4520110507,"AQ Gen X","Premium Black",15,322.9426,4844.1390
2020-10-01,A1219150302,"AQ 5000 Series Ultron 8 5900X Desktop Processor",Plus,258,145.1474,37448.0292
2020-10-01,A3320150501,"AQ Maxima","Standard 1",279,20.3908,5689.0332
2020-10-01,A4520110506,"AQ Gen X","Plus Red",24,325.2561,7806.1464
2020-10-01,A1219150303,"AQ 5000 Series Ultron 8 5900X Desktop Processor",Premium,83,142.9402,11864.0366
2020-10-01,A4520110505,"AQ Gen X","Plus Blue",26,325.2156,8455.6056
2020-10-01,A3320150502,"AQ Maxima","Standard 2",567,21.6988,12303.2196
2020-10-01,A1319150401,"AQ Electron 5 3600 Desktop Processor",Standard,132,149.1034,19681.6488
2020-10-01,A4520110504,"AQ Gen X","Plus Grey",35,341.7343,11960.7005
2020-10-01,A1320150402,"AQ Electron 5 3600 Desktop Processor",Plus,55,150.2450,8263.4750
2020-10-01,A3320150503,"AQ Maxima","Plus 1",197,20.8733,4112.0401
2020-10-01,A4519110503,"AQ Gen X","Standard Red",42,306.9189,12890.5938
2020-10-01,A1320150403,"AQ Electron 5 3600 Desktop Processor",Premium,136,160.6912,21854.0032
2020-10-01,A4519110502,"AQ Gen X","Standard Blue",36,300.3378,10812.1608
2020-10-01,A3320150504,"AQ Maxima","Plus 2",522,22.1341,11554.0002
2020-10-01,A1420150501,"AQ Electron 4 3600 Desktop Processor",Standard,97,160.5082,15569.2954
2020-10-01,A4519110501,"AQ Gen X","Standard Grey",9,311.8396,2806.5564
2020-10-01,A4419110408,"AQ Elite","Premium Misty Green",24,297.0277,7128.6648
2020-10-01,A1420150502,"AQ Electron 4 3600 Desktop Processor",Plus,41,169.4999,6949.4959
2020-10-01,A3320150505,"AQ Maxima","Premium 1",561,23.0844,12950.3484
2020-10-01,A3920150304,"AQ LION x3","Plus 3",26,25.0442,651.1492
2020-10-01,A1421150503,"AQ Electron 4 3600 Desktop Processor",Premium,136,176.4389,23995.6904
2020-10-01,A4419110407,"AQ Elite","Premium Black",21,287.4934,6037.3614
2020-10-01,A3320150506,"AQ Maxima","Premium 2",988,23.7678,23482.5864
2020-10-01,A1521150601,"AQ Electron 3 3600 Desktop Processor",Standard,99,186.2917,18442.8783
2020-10-01,A4419110406,"AQ Elite","Plus Red",10,287.5666,2875.6660
2020-10-01,A4419110405,"AQ Elite","Plus Blue",38,291.2071,11065.8698
2020-10-01,A1521150602,"AQ Electron 3 3600 Desktop Processor",Plus,251,185.4599,46550.4349
2020-10-01,A3420150601,"AQ Qwerty","Standard 1",371,24.5690,9115.0990
2020-10-01,A7220160203,"AQ Wi Power Dx2",Premium,917,37.4784,34367.6928
2020-10-01,A4419110404,"AQ Elite","Plus Grey",40,286.8973,11475.8920
2020-10-01,A1618150101,"AQ MB Elite",Standard,104,19.6485,2043.4440
2020-10-01,A4419110403,"AQ Elite","Standard Red",11,288.0503,3168.5533
2020-10-01,A3420150602,"AQ Qwerty","Standard 2",908,23.9726,21767.1208
2020-10-01,A1618150102,"AQ MB Elite","Plus 1",146,20.4629,2987.5834
2020-10-01,A4419110402,"AQ Elite","Standard Blue",12,281.9504,3383.4048
2020-10-01,A1618150103,"AQ MB Elite","Plus 2",137,21.2017,2904.6329
2020-10-01,A3421150603,"AQ Qwerty","Plus 1",272,26.9507,7330.5904
2020-10-01,A3819150203,"AQ LION x2","Plus 2",96,18.4533,1771.5168
2020-10-01,A4419110401,"AQ Elite","Standard Grey",30,271.3471,8140.4130
2020-10-01,A1618150104,"AQ MB Elite",Premium,94,21.4489,2016.1966
2020-10-01,A4319110306,"AQ Velocity","Plus Red",38,275.8194,10481.1372
2020-10-01,A3421150604,"AQ Qwerty","Plus 2",700,27.4152,19190.6400
2020-10-01,A1718150201,"AQ MB Crossx",Standard,158,21.8879,3458.2882
2020-10-01,A4319110305,"AQ Velocity","Plus Blue",36,277.8079,10001.0844
2020-10-01,A4319110304,"AQ Velocity","Plus Grey",44,267.0636,11750.7984
2020-10-01,A1718150202,"AQ MB Crossx","Plus 1",25,22.8957,572.3925
2020-10-01,A3421150605,"AQ Qwerty","Premium 1",963,29.8692,28764.0396
2020-10-01,A1718150203,"AQ MB Crossx","Plus 2",76,27.3445,2078.1820
2020-10-01,A4319110303,"AQ Velocity","Standard Red",14,261.2305,3657.2270
2020-10-01,A3421150606,"AQ Qwerty","Premium 2",773,29.6709,22935.6057
2020-10-01,A1718150204,"AQ MB Crossx",Premium,66,28.3991,1874.3406
2020-10-01,A3920150303,"AQ LION x3","Plus 2",84,25.4670,2139.2280
2020-10-01,A4319110302,"AQ Velocity","Standard Blue",24,267.2091,6413.0184
2020-10-01,A4318110301,"AQ Velocity","Standard Grey",45,264.7000,11911.5000
2020-10-01,A1819150301,"AQ MB Crossx 2",Standard,46,28.8615,1327.6290
2020-10-01,A3521150701,"AQ Trigger","Standard 1",183,29.3872,5377.8576
2020-10-01,A4218110208,"AQ Digit","Premium Misty Green",35,243.0414,8506.4490
2020-10-01,A1819150302,"AQ MB Crossx 2","Plus 1",127,31.9525,4057.9675
2020-10-01,A4218110207,"AQ Digit","Premium Black",37,249.1303,9217.8211
2020-10-01,A3521150702,"AQ Trigger","Standard 2",888,30.3414,26943.1632
2020-10-01,A1819150303,"AQ MB Crossx 2","Plus 2",153,32.1924,4925.4372
2020-10-01,A4218110206,"AQ Digit","Plus Red",19,237.0183,4503.3477
2020-10-01,A1819150304,"AQ MB Crossx 2",Premium,167,32.2612,5387.6204
2020-10-01,A3521150703,"AQ Trigger","Plus 1",819,31.7665,26016.7635
2020-10-01,A7321160303,"AQ Wi Power Dx3",Premium,586,42.8483,25109.1038
2020-10-01,A1919150401,"AQ MB Lito",Standard,108,33.7609,3646.1772
2020-10-01,A7321160302,"AQ Wi Power Dx3",Plus,243,43.9446,10678.5378
2020-10-01,A7321160301,"AQ Wi Power Dx3",Standard,479,40.7954,19540.9966
2020-10-01,A1919150402,"AQ MB Lito","Plus 1",88,35.0256,3082.2528
2020-10-01,A3920150302,"AQ LION x3","Plus 1 ",104,23.1520,2407.8080
2020-10-01,A7220160202,"AQ Wi Power Dx2",Plus,685,35.2053,24115.6305
2020-10-01,A1919150403,"AQ MB Lito","Plus 2",79,35.8350,2830.9650
2020-10-01,A4218110205,"AQ Digit","Plus Blue",44,240.1403,10566.1732
2020-10-01,A7219160201,"AQ Wi Power Dx2",Standard,768,32.9575,25311.3600
2020-10-01,A1920150404,"AQ MB Lito",Premium,117,38.9780,4560.4260
2020-10-01,A7119160103,"AQ Wi Power Dx1",Premium,618,28.7736,17782.0848
2020-10-01,A7119160102,"AQ Wi Power Dx1",Plus,305,29.9264,9127.5520
2020-10-01,A2020150501,"AQ MB Lito 2",Standard,26,41.3696,1075.6096
2020-10-01,A7118160101,"AQ Wi Power Dx1",Standard,507,29.6712,15043.2984
2020-10-01,A6819160203,"AQ Pen Drive DRC",Premium,1483,5.0984,7560.9272
2020-10-01,A2020150502,"AQ MB Lito 2","Plus 1",168,39.3932,6618.0576
2020-10-01,A4218110204,"AQ Digit","Plus Grey",28,232.1038,6498.9064
2020-10-01,A6818160202,"AQ Pen Drive DRC",Plus,2256,3.8531,8692.5936
2020-10-01,A2021150503,"AQ MB Lito 2","Plus 2",179,45.4377,8133.3483
2020-10-01,A6818160201,"AQ Pen Drive DRC",Standard,828,2.9990,2483.1720
2020-10-01,A6720160103,"AQ Pen Drive 2 IN 1",Premium,2256,4.4411,10019.1216
2020-10-01,A2118150101,"AQ Master wired x1 Ms","Standard 1",1036,2.9434,3049.3624
2020-10-01,A6620160501,"AQ Clx3",Standard,387,22.8530,8844.1110
2020-10-01,A6520160403,"AQ Clx2",Premium,581,21.2830,12365.4230
2020-10-01,A2118150102,"AQ Master wired x1 Ms","Standard 2",1111,3.9998,4443.7778
2020-10-01,A3521150704,"AQ Trigger","Plus 2",718,33.6246,24142.4628
2020-10-01,A6520160402,"AQ Clx2",Plus,1030,20.1650,20769.9500
2020-10-01,A2118150103,"AQ Master wired x1 Ms","Plus 1",352,4.5295,1594.3840
2020-10-01,A6519160401,"AQ Clx2",Standard,292,20.2889,5924.3588
2020-10-01,A6419160303,"AQ Clx1",Premium,1274,19.3342,24631.7708
2020-10-01,A2118150104,"AQ Master wired x1 Ms","Plus 2",979,5.0459,4939.9361
2020-10-01,A6419160302,"AQ Clx1",Plus,1276,19.6723,25101.8548
2020-10-01,A6419160301,"AQ Clx1",Standard,360,17.8043,6409.5480
2020-10-01,A2118150105,"AQ Master wired x1 Ms","Premium 1",600,4.6904,2814.2400
2020-10-01,A6319160203,"AQ Neuer SSD",Premium,462,19.3433,8936.6046
2020-10-01,A2118150106,"AQ Master wired x1 Ms","Premium 2",860,5.2542,4518.6120
2020-10-01,A4218110203,"AQ Digit","Standard Red",50,236.8486,11842.4300
2020-10-01,A6319160202,"AQ Neuer SSD",Plus,1330,18.5733,24702.4890
2020-10-01,A6319160201,"AQ Neuer SSD",Standard,979,17.3590,16994.4610
2020-10-01,A2218150201,"AQ Master wireless x1 Ms","Standard 1",368,5.4383,2001.2944
2020-10-01,A6219160103,"AQ Digit SSD",Premium,938,16.3003,15289.6814
2020-10-01,A6218160102,"AQ Digit SSD",Plus,1165,15.2481,17764.0365
2020-10-01,A2218150202,"AQ Master wireless x1 Ms","Standard 2",584,6.4054,3740.7536
2020-10-01,A6218160101,"AQ Digit SSD",Standard,565,13.5941,7680.6665
2020-10-01,A2219150203,"AQ Master wireless x1 Ms","Plus 1",817,6.7301,5498.4917
2020-10-01,A6120110206,"AQ HOME Allin1 Gen 2","Plus 3",5,810.6034,4053.0170
2020-10-01,A6120110205,"AQ HOME Allin1 Gen 2","Plus 2",7,834.9812,5844.8684
2020-10-01,A2219150204,"AQ Master wireless x1 Ms","Plus 2",979,7.3526,7198.1954
2020-10-01,A4218110202,"AQ Digit","Standard Blue",48,215.9341,10364.8368
2020-10-01,A6119110204,"AQ HOME Allin1 Gen 2","Plus 1",7,807.2638,5650.8466
2020-10-01,A6119110203,"AQ HOME Allin1 Gen 2","Standard 3",3,769.5635,2308.6905
2020-10-01,A2219150205,"AQ Master wireless x1 Ms","Premium 1",992,7.9813,7917.4496
2020-10-01,A6119110202,"AQ HOME Allin1 Gen 2","Standard 2",7,790.1040,5530.7280
2020-10-01,A6119110201,"AQ HOME Allin1 Gen 2","Standard 1",3,824.0889,2472.2667
2020-10-01,A2219150206,"AQ Master wireless x1 Ms","Premium 2",308,8.3193,2562.3444
2020-10-01,A3521150705,"AQ Trigger","Premium 1",165,34.5114,5694.3810
2020-10-01,A6019110108,"AQ Home Allin1","Premium 2",2,796.6606,1593.3212
2020-10-01,A2319150301,"AQ Gamers Ms","Standard 1",297,8.8044,2614.9068
2020-10-01,A6019110107,"AQ Home Allin1","Premium 1",3,785.9918,2357.9754
2020-10-01,A6018110106,"AQ Home Allin1","Plus 3",7,787.5874,5513.1118
2020-10-01,A2319150302,"AQ Gamers Ms","Standard 2",1333,8.9901,11983.8033
2020-10-01,A6018110105,"AQ Home Allin1","Plus 2",6,766.6472,4599.8832
2020-10-01,A6018110104,"AQ Home Allin1","Plus 1",7,749.0987,5243.6909
2020-10-01,A2319150303,"AQ Gamers Ms","Plus 1",906,9.3977,8514.3162
2020-10-01,A6018110103,"AQ Home Allin1","Standard 3",2,770.9789,1541.9578
2020-10-01,A2319150304,"AQ Gamers Ms","Plus 2",1179,10.4573,12329.1567
2020-10-01,A6018110102,"AQ Home Allin1","Standard 2",6,764.0542,4584.3252
2020-10-01,A6018110101,"AQ Home Allin1","Standard 1",2,800.4577,1600.9154
2020-10-01,A2319150305,"AQ Gamers Ms","Premium 1",571,10.4370,5959.5270
2020-10-01,A4218110201,"AQ Digit","Standard Grey",48,200.2732,9613.1136
2020-10-01,A5821110108,"AQ BZ Allin1","Premium 2",32,746.7388,23895.6416
2020-10-01,A5820110107,"AQ BZ Allin1","Premium 1",34,737.6775,25081.0350
2020-10-01,A2319150306,"AQ Gamers Ms","Premium 2",787,10.8659,8551.4633
2020-10-01,A5820110106,"AQ BZ Allin1","Plus 3",25,692.5242,17313.1050
2020-10-01,A5820110105,"AQ BZ Allin1","Plus 2",29,709.3926,20572.3854
2020-10-01,A2419150401,"AQ Lite Ms","Standard 1",397,11.4829,4558.7113
2020-10-01,A5820110104,"AQ BZ Allin1","Plus 1",7,690.4971,4833.4797
2020-10-01,A2419150402,"AQ Lite Ms","Standard 2",273,11.2819,3079.9587
2020-10-01,A5820110103,"AQ BZ Allin1","Standard 3",17,735.1465,12497.4905
2020-10-01,A5820110102,"AQ BZ Allin1","Standard 2",11,697.5541,7673.0951
2020-10-01,A2419150403,"AQ Lite Ms","Plus 1",784,10.8925,8539.7200
2020-10-01,A3718150101,"AQ LION x1",Standard,42,16.5127,693.5334
2020-10-01,A5820110101,"AQ BZ Allin1","Standard 1",22,681.3022,14988.6484
2020-10-01,A5721110506,"AQ Smash 2","Plus Black",16,720.5460,11528.7360
2020-10-01,A2419150404,"AQ Lite Ms","Plus 2",324,11.6332,3769.1568
2020-10-01,A5721110505,"AQ Smash 2","Plus Cool Blue",18,674.4272,12139.6896
2020-10-01,A2419150405,"AQ Lite Ms","Premium 1",708,12.7423,9021.5484
2020-10-01,A3819150204,"AQ LION x2","Plus 3",51,21.1942,1080.9042
2020-10-01,A5721110504,"AQ Smash 2","Plus Firey Red",15,655.8348,9837.5220
2020-10-01,A5721110503,"AQ Smash 2","Standard Black",17,678.3035,11531.1595
2020-10-01,A2420150406,"AQ Lite Ms","Premium 2",465,12.2979,5718.5235
2020-10-01,A4118110107,"AQ Aspiron","Premium Black",44,195.7721,8613.9724
2020-10-01,A5721110502,"AQ Smash 2","Standard Cool Blue",20,627.9938,12559.8760
2020-10-01,A5721110501,"AQ Smash 2","Standard Firey Red",21,649.6929,13643.5509
2020-10-01,A2520150501,"AQ Maxima Ms","Standard 1",511,12.0689,6167.2079
2020-10-01,A5621110408,"AQ Smash 1","Premium Misty Green",13,657.2525,8544.2825
2020-10-01,A2520150502,"AQ Maxima Ms","Standard 2",779,14.5267,11316.2993
2020-10-01,A5621110407,"AQ Smash 1","Premium Black",13,655.7782,8525.1166
2020-10-01,A5621110406,"AQ Smash 1","Plus Black",11,644.3777,7088.1547
2020-10-01,A2520150503,"AQ Maxima Ms","Plus 1",833,14.1682,11802.1106
2020-10-01,A4118110106,"AQ Aspiron","Plus Red",48,187.7533,9012.1584
2020-10-01,A5621110405,"AQ Smash 1","Plus Cool Blue",22,601.8173,13239.9806
2020-10-01,A5621110404,"AQ Smash 1","Plus Firey Red",19,639.9614,12159.2666
2020-10-01,A2520150504,"AQ Maxima Ms","Plus 2",1133,14.2800,16179.2400
2020-10-01,A5621110403,"AQ Smash 1","Standard Black",5,631.1855,3155.9275
2020-10-01,A2520150505,"AQ Maxima Ms","Premium 1",727,15.1762,11033.0974
2020-10-01,A5620110402,"AQ Smash 1","Standard Cool Blue",16,593.8297,9501.2752
2020-10-01,A5620110401,"AQ Smash 1","Standard Firey Red",13,642.0698,8346.9074
2020-10-01,A2520150506,"AQ Maxima Ms","Premium 2",776,14.5677,11304.5352
2020-10-01,A3718150102,"AQ LION x1","Plus 1 ",38,16.1015,611.8570
2020-10-01,A5520110308,"AQ Gamer 3","Premium Misty Green",19,590.1159,11212.2021
2020-10-01,A5520110307,"AQ Gamer 3","Premium Black",17,609.7926,10366.4742
2020-10-01,A2620150601,"AQ Qwerty Ms","Standard 1",160,14.9013,2384.2080
2020-10-01,A5520110306,"AQ Gamer 3","Plus Black",15,639.6816,9595.2240
2020-10-01,A2620150602,"AQ Qwerty Ms","Standard 2",1176,15.8102,18592.7952
2020-10-01,A5520110305,"AQ Gamer 3","Plus Cool Blue",5,632.4885,3162.4425
2020-10-01,A5519110304,"AQ Gamer 3","Plus Firey Red",19,597.7704,11357.6376
2020-10-01,A2620150603,"AQ Qwerty Ms","Plus 1",138,15.9792,2205.1296
2020-10-01,A5519110303,"AQ Gamer 3","Standard Black",6,604.2721,3625.6326
2020-10-01,A5519110302,"AQ Gamer 3","Standard Cool Blue",15,605.8642,9087.9630
2020-10-01,A2620150604,"AQ Qwerty Ms","Plus 2",884,16.5491,14629.4044
2020-10-01,A4118110105,"AQ Aspiron","Plus Blue",38,182.8932,6949.9416
2020-10-01,A5519110301,"AQ Gamer 3","Standard Firey Red",6,589.7411,3538.4466
2020-10-01,A2620150605,"AQ Qwerty Ms","Premium 1",1136,16.5882,18844.1952
2020-10-01,A5419110208,"AQ Gamer 2","Premium Misty Green",5,608.4070,3042.0350
2020-10-01,A5419110207,"AQ Gamer 2","Premium Black",14,599.2302,8389.2228
2020-10-01,A2620150606,"AQ Qwerty Ms","Premium 2",1071,16.7850,17976.7350
2020-10-01,A5419110206,"AQ Gamer 2","Plus Black",14,601.6398,8422.9572
2020-10-01,A5419110205,"AQ Gamer 2","Plus Cool Blue",9,570.7578,5136.8202
2020-10-01,A2720150701,"AQ Trigger Ms","Standard 1",1236,17.0917,21125.3412
2020-12-01,A2021150503,"AQ MB Lito 2","Plus 2",187,45.4377,8496.8499
2020-12-01,A0821150504,"AQ Marquee P3",Premium,193,44.7044,8627.9492
2020-12-01,A4319110303,"AQ Velocity","Standard Red",56,261.2305,14628.9080
2020-12-01,A4720110701,"AQ GEN Z","Standard Grey",30,367.7335,11032.0050
2020-12-01,A6720160103,"AQ Pen Drive 2 IN 1",Premium,703,4.4411,3122.0933
2020-12-01,A1320150402,"AQ Electron 5 3600 Desktop Processor",Plus,262,150.2450,39364.1900
2020-12-01,A4020150401,"AQ Mx NB",Standard,105,26.9302,2827.6710
2020-12-01,A0821150503,"AQ Marquee P3","Plus 2",208,42.3841,8815.8928
2020-12-01,A1421150503,"AQ Electron 4 3600 Desktop Processor",Premium,88,176.4389,15526.6232
2020-12-01,A2118150101,"AQ Master wired x1 Ms","Standard 1",921,2.9434,2710.8714
2020-12-01,A3120150306,"AQ Gamers ","Premium 2",744,19.3003,14359.4232
2020-12-01,A6620160501,"AQ Clx3",Standard,1127,22.8530,25755.3310
2020-12-01,A1718150203,"AQ MB Crossx","Plus 2",127,27.3445,3472.7515
2020-12-01,A4720110702,"AQ GEN Z","Standard Blue",41,371.4027,15227.5107
2020-12-01,A6520160403,"AQ Clx2",Premium,839,21.2830,17856.4370
2020-12-01,A4419110401,"AQ Elite","Standard Grey",67,271.3471,18180.2557
2020-12-01,A0821150502,"AQ Marquee P3","Plus 1",80,43.2966,3463.7280
2020-12-01,A4519110503,"AQ Gen X","Standard Red",68,306.9189,20870.4852
2020-12-01,A2118150102,"AQ Master wired x1 Ms","Standard 2",1816,3.9998,7263.6368
2020-12-01,A4319110302,"AQ Velocity","Standard Blue",33,267.2091,8817.9003
2020-12-01,A4721110703,"AQ GEN Z","Standard Red",37,361.6496,13381.0352
2020-12-01,A6520160402,"AQ Clx2",Plus,195,20.1650,3932.1750
2020-12-01,A4520110504,"AQ Gen X","Plus Grey",40,341.7343,13669.3720
2020-12-01,A3120150305,"AQ Gamers ","Premium 1",681,16.3218,11115.1458
2020-12-01,A6519160401,"AQ Clx2",Standard,539,20.2889,10935.7171
2020-12-01,A0821150501,"AQ Marquee P3",Standard,333,40.5013,13486.9329
2020-12-01,A4419110407,"AQ Elite","Premium Black",16,287.4934,4599.8944
2020-12-01,A2118150103,"AQ Master wired x1 Ms","Plus 1",1771,4.5295,8021.7445
2020-12-01,A3521150704,"AQ Trigger","Plus 2",304,33.6246,10221.8784
2020-12-01,A3421150606,"AQ Qwerty","Premium 2",744,29.6709,22075.1496
2020-12-01,A4721110704,"AQ GEN Z","Plus Grey",48,380.2153,18250.3344
2020-12-01,A6419160303,"AQ Clx1",Premium,1662,19.3342,32133.4404
2020-12-01,A1319150401,"AQ Electron 5 3600 Desktop Processor",Standard,353,149.1034,52633.5002
2020-12-01,A4721110705,"AQ GEN Z","Plus Blue",19,377.4069,7170.7311
2020-12-01,A3818150201,"AQ LION x2",Standard,138,17.2648,2382.5424
2020-12-01,A4419110403,"AQ Elite","Standard Red",17,288.0503,4896.8551
2020-12-01,A2118150104,"AQ Master wired x1 Ms","Plus 2",584,5.0459,2946.8056
2020-12-01,A0721150404,"AQ GT 21",Premium,99,39.1215,3873.0285
2020-12-01,A6419160302,"AQ Clx1",Plus,943,19.6723,18550.9789
2020-12-01,A1718150204,"AQ MB Crossx",Premium,191,28.3991,5424.2281
2020-12-01,A3120150304,"AQ Gamers ","Plus 2",1384,16.3792,22668.8128
2020-12-01,A6419160301,"AQ Clx1",Standard,1348,17.8043,24000.1964
2020-12-01,A1618150103,"AQ MB Elite","Plus 2",208,21.2017,4409.9536
2020-12-01,A4918110101,"AQ BZ 101","Standard Grey",36,419.1936,15090.9696
2020-12-01,A3320150505,"AQ Maxima","Premium 1",247,23.0844,5701.8468
2020-12-01,A2118150105,"AQ Master wired x1 Ms","Premium 1",1123,4.6904,5267.3192
2020-12-01,A4218110203,"AQ Digit","Standard Red",48,236.8486,11368.7328
2020-12-01,A0721150403,"AQ GT 21","Plus 2",149,39.2990,5855.5510
2020-12-01,A6319160203,"AQ Neuer SSD",Premium,438,19.3433,8472.3654
2020-12-01,A3320150502,"AQ Maxima","Standard 2",1191,21.6988,25843.2708
2020-12-01,A3119150303,"AQ Gamers ","Plus 1",317,16.2407,5148.3019
2020-12-01,A6319160202,"AQ Neuer SSD",Plus,1715,18.5733,31853.2095
2020-12-01,A0721150402,"AQ GT 21","Plus 1",198,39.1465,7751.0070
2020-12-01,A4318110301,"AQ Velocity","Standard Grey",42,264.7000,11117.4000
2020-12-01,A2118150106,"AQ Master wired x1 Ms","Premium 2",749,5.2542,3935.3958
2020-12-01,A3420150601,"AQ Qwerty","Standard 1",310,24.5690,7616.3900
2020-12-01,A4520110505,"AQ Gen X","Plus Blue",15,325.2156,4878.2340
2020-12-01,A4918110102,"AQ BZ 101","Standard Blue",39,451.4881,17608.0359
2020-12-01,A6319160201,"AQ Neuer SSD",Standard,782,17.3590,13574.7380
2020-12-01,A1219150303,"AQ 5000 Series Ultron 8 5900X Desktop Processor",Premium,349,142.9402,49886.1298
2020-12-01,A4918110103,"AQ BZ 101","Premium Black",41,428.1451,17553.9491
2020-12-01,A0721150401,"AQ GT 21",Standard,287,39.3377,11289.9199
2020-12-01,A3421150603,"AQ Qwerty","Plus 1",523,26.9507,14095.2161
2020-12-01,A2218150201,"AQ Master wireless x1 Ms","Standard 1",1827,5.4383,9935.7741
2020-12-01,A3119150302,"AQ Gamers ","Standard 2",507,15.3071,7760.6997
2020-12-01,A6219160103,"AQ Digit SSD",Premium,1393,16.3003,22706.3179
2020-12-01,A1819150301,"AQ MB Crossx 2",Standard,57,28.8615,1645.1055
2020-12-01,A4918110104,"AQ BZ 101","Premium Misty Green",41,460.2805,18871.5005
2020-12-01,A6218160102,"AQ Digit SSD",Plus,1247,15.2481,19014.3807
2020-12-01,A4520110506,"AQ Gen X","Plus Red",21,325.2561,6830.3781
2020-12-01,A0621150308,"AQ Mforce Gen Z","Premium 2",343,39.3990,13513.8570
2020-12-01,A4419110405,"AQ Elite","Plus Blue",39,291.2071,11357.0769
2020-12-01,A2218150202,"AQ Master wireless x1 Ms","Standard 2",640,6.4054,4099.4560
2020-12-01,A4218110202,"AQ Digit","Standard Blue",42,215.9341,9069.2322
2020-12-01,A5018110201,"AQ BZ Compact","Standard Grey",34,451.7049,15357.9666
2020-12-01,A6218160101,"AQ Digit SSD",Standard,341,13.5941,4635.5881
2020-12-01,A3521150701,"AQ Trigger","Standard 1",1188,29.3872,34911.9936
2020-12-01,A3119150301,"AQ Gamers ","Standard 1",247,13.5061,3336.0067
2020-12-01,A6120110206,"AQ HOME Allin1 Gen 2","Plus 3",4,810.6034,3242.4136
2020-12-01,A0621150307,"AQ Mforce Gen Z","Premium 1",352,36.2434,12757.6768
2020-12-01,A3818150202,"AQ LION x2","Plus 1 ",127,17.5197,2225.0019
2020-12-01,A2219150203,"AQ Master wireless x1 Ms","Plus 1",1333,6.7301,8971.2233
2020-12-01,A4218110208,"AQ Digit","Premium Misty Green",57,243.0414,13853.3598
2020-12-01,A5018110202,"AQ BZ Compact","Standard Blue",35,462.5568,16189.4880
2020-12-01,A6120110205,"AQ HOME Allin1 Gen 2","Plus 2",8,834.9812,6679.8496
2020-12-01,A4419110404,"AQ Elite","Plus Grey",51,286.8973,14631.7623
2020-12-01,A0620150306,"AQ Mforce Gen Z","Plus 3",332,37.5278,12459.2296
2020-12-01,A6119110204,"AQ HOME Allin1 Gen 2","Plus 1",6,807.2638,4843.5828
2020-12-01,A3019150206,"AQ Master wireless x1","Premium 2",348,13.0018,4524.6264
2020-12-01,A3320150501,"AQ Maxima","Standard 1",228,20.3908,4649.1024
2020-12-01,A2219150204,"AQ Master wireless x1 Ms","Plus 2",1842,7.3526,13543.4892
2020-12-01,A1420150502,"AQ Electron 4 3600 Desktop Processor",Plus,174,169.4999,29492.9826
2020-12-01,A1819150302,"AQ MB Crossx 2","Plus 1",53,31.9525,1693.4825
2020-12-01,A5018110203,"AQ BZ Compact","Standard Red",22,452.1420,9947.1240
2020-12-01,A6119110203,"AQ HOME Allin1 Gen 2","Standard 3",10,769.5635,7695.6350
2020-12-01,A1219150302,"AQ 5000 Series Ultron 8 5900X Desktop Processor",Plus,279,145.1474,40496.1246
2020-12-01,A0620150305,"AQ Mforce Gen Z","Plus 2",335,36.5679,12250.2465
2020-12-01,A5018110204,"AQ BZ Compact","Plus Grey",47,447.7337,21043.4839
2020-12-01,A4218110207,"AQ Digit","Premium Black",46,249.1303,11459.9938
2020-12-01,A2219150205,"AQ Master wireless x1 Ms","Premium 1",1595,7.9813,12730.1735
2020-12-01,A4020150402,"AQ Mx NB","Plus 1 ",62,28.4500,1763.9000
2020-12-01,A6119110202,"AQ HOME Allin1 Gen 2","Standard 2",9,790.1040,7110.9360
2020-12-01,A4419110408,"AQ Elite","Premium Misty Green",62,297.0277,18415.7174
2020-12-01,A3019150205,"AQ Master wireless x1","Premium 1",1236,12.0509,14894.9124
2020-12-01,A6119110201,"AQ HOME Allin1 Gen 2","Standard 1",8,824.0889,6592.7112
2020-12-01,A4520110507,"AQ Gen X","Premium Black",68,322.9426,21960.0968
2020-12-01,A0620150304,"AQ Mforce Gen Z","Plus 1",92,37.5826,3457.5992
2020-12-01,A3420150602,"AQ Qwerty","Standard 2",336,23.9726,8054.7936
2020-12-01,A2219150206,"AQ Master wireless x1 Ms","Premium 2",401,8.3193,3336.0393
2020-12-01,A3521150702,"AQ Trigger","Standard 2",1049,30.3414,31828.1286
2020-12-01,A5018110205,"AQ BZ Compact","Plus Blue",18,486.1763,8751.1734
2020-12-01,A6019110108,"AQ Home Allin1","Premium 2",10,796.6606,7966.6060
2020-12-01,A1219150301,"AQ 5000 Series Ultron 8 5900X Desktop Processor",Standard,50,135.6822,6784.1100
2020-12-01,A5018110206,"AQ BZ Compact","Plus Red",21,475.5544,9986.6424
2020-12-01,A6019110107,"AQ Home Allin1","Premium 1",4,785.9918,3143.9672
2020-12-01,A0620150303,"AQ Mforce Gen Z","Standard 3",325,34.2412,11128.3900
2020-12-01,A1618150104,"AQ MB Elite",Premium,167,21.4489,3581.9663
2020-12-01,A2319150301,"AQ Gamers Ms","Standard 1",1587,8.8044,13972.5828
2020-12-01,A3521150705,"AQ Trigger","Premium 1",897,34.5114,30956.7258
2020-12-01,A1819150303,"AQ MB Crossx 2","Plus 2",126,32.1924,4056.2424
2020-12-01,A3019150204,"AQ Master wireless x1","Plus 2",1324,11.6011,15359.8564
2020-12-01,A6018110106,"AQ Home Allin1","Plus 3",2,787.5874,1575.1748
2020-12-01,A3920150302,"AQ LION x3","Plus 1 ",55,23.1520,1273.3600
2020-12-01,A5018110207,"AQ BZ Compact","Premium Black",12,475.1904,5702.2848
2020-12-01,A0619150302,"AQ Mforce Gen Z","Standard 2",235,34.0973,8012.8655
2020-12-01,A3220150406,"AQ Lite","Premium 2",1020,20.0066,20406.7320
2020-12-01,A2319150302,"AQ Gamers Ms","Standard 2",1250,8.9901,11237.6250
2020-12-01,A3018150203,"AQ Master wireless x1","Plus 1",431,12.3739,5333.1509
2020-12-01,A6018110105,"AQ Home Allin1","Plus 2",8,766.6472,6133.1776
2020-12-01,A4218110206,"AQ Digit","Plus Red",18,237.0183,4266.3294
2020-12-01,A0619150301,"AQ Mforce Gen Z","Standard 1",84,30.4696,2559.4464
2020-12-01,A6018110104,"AQ Home Allin1","Plus 1",6,749.0987,4494.5922
2020-12-01,A4319110306,"AQ Velocity","Plus Red",62,275.8194,17100.8028
2020-12-01,A5019110208,"AQ BZ Compact","Premium Misty Green",36,467.3047,16822.9692
2020-12-01,A4520110508,"AQ Gen X","Premium Misty Green",70,327.0930,22896.5100
2020-12-01,A2319150303,"AQ Gamers Ms","Plus 1",341,9.3977,3204.6157
2020-12-01,A5119110301,"AQ BZ Gen Y","Standard Grey",40,479.0441,19161.7640
2020-12-01,A0519150208,"AQ Mforce Gen Y","Premium 2",184,30.5816,5627.0144
2020-12-01,A6018110103,"AQ Home Allin1","Standard 3",5,770.9789,3854.8945
2020-12-01,A4218110205,"AQ Digit","Plus Blue",40,240.1403,9605.6120
2020-12-01,A3018150202,"AQ Master wireless x1","Standard 2",1498,11.0524,16556.4952
2020-12-01,A6018110102,"AQ Home Allin1","Standard 2",9,764.0542,6876.4878
2020-12-01,A5119110302,"AQ BZ Gen Y","Standard Blue",19,474.3132,9011.9508
2020-12-01,A1119150203,"AQ 5000 Series Electron 8 5900X Desktop Processor",Premium,108,139.8962,15108.7896
2020-12-01,A2319150304,"AQ Gamers Ms","Plus 2",1430,10.4573,14953.9390
2020-12-01,A4218110201,"AQ Digit","Standard Grey",35,200.2732,7009.5620
2020-12-01,A1521150601,"AQ Electron 3 3600 Desktop Processor",Standard,297,186.2917,55328.6349
2020-12-01,A0519150207,"AQ Mforce Gen Y","Premium 1",48,32.4427,1557.2496
2020-12-01,A6018110101,"AQ Home Allin1","Standard 1",3,800.4577,2401.3731
2020-12-01,A1819150304,"AQ MB Crossx 2",Premium,102,32.2612,3290.6424
2020-12-01,A5119110303,"AQ BZ Gen Y","Standard Red",43,474.3154,20395.5622
2020-12-01,A3920150301,"AQ LION x3",Standard,45,22.1454,996.5430
2020-12-01,A4620110601,"AQ Gen Y","Standard Grey",24,347.2474,8333.9376
2020-12-01,A2319150305,"AQ Gamers Ms","Premium 1",1209,10.4370,12618.3330
2020-12-01,A4519110501,"AQ Gen X","Standard Grey",44,311.8396,13720.9424
2020-12-01,A5821110108,"AQ BZ Allin1","Premium 2",51,746.7388,38083.6788
2020-12-01,A7321160303,"AQ Wi Power Dx3",Premium,708,42.8483,30336.5964
2020-12-01,A3018150201,"AQ Master wireless x1","Standard 1",1543,10.7955,16657.4565
2020-12-01,A3920150304,"AQ LION x3","Plus 3",128,25.0442,3205.6576
2020-12-01,A0519150206,"AQ Mforce Gen Y","Plus 3",125,31.2439,3905.4875
2020-12-01,A5119110305,"AQ BZ Gen Y","Plus Blue",45,483.3813,21752.1585
2020-12-01,A3220150405,"AQ Lite","Premium 1",1147,18.9415,21725.9005
2020-12-01,A2319150306,"AQ Gamers Ms","Premium 2",389,10.8659,4226.8351
2020-12-01,A3718150105,"AQ LION x1",Premium,57,18.0312,1027.7784
2020-12-01,A5820110106,"AQ BZ Allin1","Plus 3",35,692.5242,24238.3470
2020-12-01,A7321160302,"AQ Wi Power Dx3",Plus,487,43.9446,21401.0202
2020-12-01,A0519150205,"AQ Mforce Gen Y","Plus 2",178,29.7008,5286.7424
2020-12-01,A5820110105,"AQ BZ Allin1","Plus 2",9,709.3926,6384.5334
2020-12-01,A1118150202,"AQ 5000 Series Electron 8 5900X Desktop Processor",Plus,46,129.5836,5960.8456
2020-12-01,A2918150106,"AQ Master wired x1","Premium 2",627,10.4188,6532.5876
2020-12-01,A1618150101,"AQ MB Elite",Standard,167,19.6485,3281.2995
2020-12-01,A2419150401,"AQ Lite Ms","Standard 1",513,11.4829,5890.7277
2020-12-01,A4118110107,"AQ Aspiron","Premium Black",30,195.7721,5873.1630
2020-12-01,A5119110306,"AQ BZ Gen Y","Plus Red",18,486.4857,8756.7426
2020-12-01,A5820110104,"AQ BZ Allin1","Plus 1",41,690.4971,28310.3811
2020-12-01,A1919150401,"AQ MB Lito",Standard,41,33.7609,1384.1969
2020-12-01,A0519150204,"AQ Mforce Gen Y","Plus 1",101,26.1081,2636.9181
2020-12-01,A5820110103,"AQ BZ Allin1","Standard 3",35,735.1465,25730.1275
2020-12-01,A5119110307,"AQ BZ Gen Y","Premium Black",16,516.4580,8263.3280
2020-12-01,A3521150703,"AQ Trigger","Plus 1",827,31.7665,26270.8955
2020-12-01,A2419150402,"AQ Lite Ms","Standard 2",1483,11.2819,16731.0577
2020-12-01,A2918150105,"AQ Master wired x1","Premium 1",1315,9.4650,12446.4750
2020-12-01,A3421150604,"AQ Qwerty","Plus 2",1350,27.4152,37010.5200
2020-12-01,A0519150203,"AQ Mforce Gen Y","Standard 3",356,26.5871,9465.0076
2020-12-01,A5820110102,"AQ BZ Allin1","Standard 2",13,697.5541,9068.2033
2020-12-01,A4620110602,"AQ Gen Y","Standard Blue",31,346.6886,10747.3466
2020-12-01,A5119110308,"AQ BZ Gen Y","Premium Misty Green",24,512.5811,12301.9464
2020-12-01,A5219110401,"AQ BZ Gen Z","Standard Grey",35,506.9644,17743.7540
2020-12-01,A7321160301,"AQ Wi Power Dx3",Standard,135,40.7954,5507.3790
2020-12-01,A2419150403,"AQ Lite Ms","Plus 1",711,10.8925,7744.5675
2020-12-01,A1420150501,"AQ Electron 4 3600 Desktop Processor",Standard,41,160.5082,6580.8362
2020-12-01,A5820110101,"AQ BZ Allin1","Standard 1",24,681.3022,16351.2528
2020-12-01,A4620110603,"AQ Gen Y","Standard Red",37,366.0459,13543.6983
2020-12-01,A0519150202,"AQ Mforce Gen Y","Standard 2",174,24.9298,4337.7852
2020-12-01,A5721110506,"AQ Smash 2","Plus Black",21,720.5460,15131.4660
2020-12-01,A1118150201,"AQ 5000 Series Electron 8 5900X Desktop Processor",Standard,264,124.2640,32805.6960
2020-12-01,A2918150104,"AQ Master wired x1","Plus 2",1071,8.9514,9586.9494
2020-12-01,A1618150102,"AQ MB Elite","Plus 1",80,20.4629,1637.0320
2020-12-01,A2419150404,"AQ Lite Ms","Plus 2",1183,11.6332,13762.0756
2020-12-01,A3718150101,"AQ LION x1",Standard,114,16.5127,1882.4478
2020-12-01,A5219110402,"AQ BZ Gen Z","Standard Blue",40,490.1582,19606.3280
2020-12-01,A5721110505,"AQ Smash 2","Plus Cool Blue",30,674.4272,20232.8160
2020-12-01,A1919150402,"AQ MB Lito","Plus 1",131,35.0256,4588.3536
2020-12-01,A0519150201,"AQ Mforce Gen Y","Standard 1",126,22.3984,2822.1984
2020-12-01,A5721110504,"AQ Smash 2","Plus Firey Red",11,655.8348,7214.1828
2020-12-01,A4021150403,"AQ Mx NB","Plus 2",86,29.9423,2575.0378
2020-12-01,A1718150201,"AQ MB Crossx",Standard,164,21.8879,3589.6156
2020-12-01,A2419150405,"AQ Lite Ms","Premium 1",846,12.7423,10779.9858
2020-12-01,A7220160203,"AQ Wi Power Dx2",Premium,132,37.4784,4947.1488
2020-12-01,A3920150303,"AQ LION x3","Plus 2",152,25.4670,3870.9840
2020-12-01,A2918150103,"AQ Master wired x1","Plus 1",706,7.7693,5485.1258
2020-12-01,A5721110503,"AQ Smash 2","Standard Black",24,678.3035,16279.2840
2020-12-01,A3220150404,"AQ Lite","Plus 2",950,18.4219,17500.8050
2020-12-01,A0418150106,"AQ Mforce Gen X","Plus 3",248,19.9365,4944.2520
2020-12-01,A5219110403,"AQ BZ Gen Z","Standard Red",35,525.8042,18403.1470
2020-12-01,A7220160202,"AQ Wi Power Dx2",Plus,1083,35.2053,38127.3399
2020-12-01,A2420150406,"AQ Lite Ms","Premium 2",1179,12.2979,14499.2241
2020-12-01,A3819150203,"AQ LION x2","Plus 2",68,18.4533,1254.8244
2020-12-01,A5721110502,"AQ Smash 2","Standard Cool Blue",25,627.9938,15699.8450
2020-12-01,A4620110604,"AQ Gen Y","Plus Grey",56,353.0982,19773.4992
2020-12-01,A5219110405,"AQ BZ Gen Z","Plus Blue",41,521.2603,21371.6723
2020-12-01,A5721110501,"AQ Smash 2","Standard Firey Red",9,649.6929,5847.2361
2020-12-01,A4319110305,"AQ Velocity","Plus Blue",12,277.8079,3333.6948
2020-12-01,A0418150105,"AQ Mforce Gen X","Plus 2",329,20.0766,6605.2014
2020-12-01,A1919150403,"AQ MB Lito","Plus 2",73,35.8350,2615.9550
2020-12-01,A2520150501,"AQ Maxima Ms","Standard 1",1363,12.0689,16449.9107
2020-12-01,A2918150102,"AQ Master wired x1","Standard 2",748,7.5979,5683.2292
2020-12-01,A5219110406,"AQ BZ Gen Z","Plus Red",41,550.4597,22568.8477
2020-12-01,A5621110408,"AQ Smash 1","Premium Misty Green",18,657.2525,11830.5450
2020-12-01,A3320150506,"AQ Maxima","Premium 2",1198,23.7678,28473.8244
2020-12-01,A0418150104,"AQ Mforce Gen X","Plus 1",110,19.9239,2191.6290
2020-12-01,A5621110407,"AQ Smash 1","Premium Black",19,655.7782,12459.7858
2020-12-01,A5219110407,"AQ BZ Gen Z","Premium Black",23,545.5931,12548.6413
2020-12-01,A1018150103,"AQ 5000 Series Electron 9 5900X Desktop Processor",Premium,350,123.9315,43376.0250
2020-12-01,A2520150502,"AQ Maxima Ms","Standard 2",1760,14.5267,25566.9920
2020-12-01,A4118110106,"AQ Aspiron","Plus Red",54,187.7533,10138.6782
2020-12-01,A7219160201,"AQ Wi Power Dx2",Standard,531,32.9575,17500.4325
2020-12-01,A2918150101,"AQ Master wired x1","Standard 1",1568,6.8991,10817.7888
2020-12-01,A5621110406,"AQ Smash 1","Plus Black",25,644.3777,16109.4425
2020-12-01,A3320150504,"AQ Maxima","Plus 2",539,22.1341,11930.2799
2020-12-01,A0418150103,"AQ Mforce Gen X","Standard 3",230,19.5235,4490.4050
2020-12-01,A5220110408,"AQ BZ Gen Z","Premium Misty Green",19,533.0397,10127.7543
2020-12-01,A3920150305,"AQ LION x3",Premium,82,27.4546,2251.2772
2020-12-01,A2520150503,"AQ Maxima Ms","Plus 1",1194,14.1682,16916.8308
2020-12-01,A7119160103,"AQ Wi Power Dx1",Premium,293,28.7736,8430.6648
2020-12-01,A5621110405,"AQ Smash 1","Plus Cool Blue",25,601.8173,15045.4325
2020-12-01,A3220150403,"AQ Lite","Plus 1",596,18.5844,11076.3024
2020-12-01,A4021150404,"AQ Mx NB","Plus 3",89,28.5800,2543.6200
2020-12-01,A5621110404,"AQ Smash 1","Plus Firey Red",25,639.9614,15999.0350
2020-12-01,A4319110304,"AQ Velocity","Plus Grey",73,267.0636,19495.6428
2020-12-01,A0321150303,"AQ Zion Saga",Premium,275,28.0059,7701.6225
2020-12-01,A1920150404,"AQ MB Lito",Premium,207,38.9780,8068.4460
2020-12-01,A2520150504,"AQ Maxima Ms","Plus 2",1587,14.2800,22662.3600
2020-12-01,A2821150801,"AQ Lumina Ms","Standard 1",1142,21.7118,24794.8756
2020-12-01,A5318110103,"AQ Gamer 1","Standard Black",18,584.9722,10529.4996
2020-12-01,A5621110403,"AQ Smash 1","Standard Black",9,631.1855,5680.6695
2020-12-01,A1018150102,"AQ 5000 Series Electron 9 5900X Desktop Processor",Plus,166,123.4797,20497.6302
2020-12-01,A5820110107,"AQ BZ Allin1","Premium 1",12,737.6775,8852.1300
2020-12-01,A5620110402,"AQ Smash 1","Standard Cool Blue",17,593.8297,10095.1049
2020-12-01,A0321150302,"AQ Zion Saga",Plus,339,27.1027,9187.8153
2020-12-01,A4419110406,"AQ Elite","Plus Red",27,287.5666,7764.2982
2020-12-01,A2520150505,"AQ Maxima Ms","Premium 1",1692,15.1762,25678.1304
2020-12-01,A5318110104,"AQ Gamer 1","Plus Firey Red",16,586.3824,9382.1184
2020-12-01,A4620110605,"AQ Gen Y","Plus Blue",16,349.2525,5588.0400
2020-12-01,A2721150706,"AQ Trigger Ms","Premium 2",573,20.0537,11490.7701
2020-12-01,A5620110401,"AQ Smash 1","Standard Firey Red",11,642.0698,7062.7678
2020-12-01,A7119160102,"AQ Wi Power Dx1",Plus,697,29.9264,20858.7008
2020-12-01,A0320150301,"AQ Zion Saga",Standard,364,23.7223,8634.9172
2020-12-01,A5318110105,"AQ Gamer 1","Plus Cool Blue",13,551.3303,7167.2939
2020-12-01,A4519110502,"AQ Gen X","Standard Blue",54,300.3378,16218.2412
2020-12-01,A2520150506,"AQ Maxima Ms","Premium 2",1101,14.5677,16039.0377
2020-12-01,A4620110606,"AQ Gen Y","Plus Red",56,348.5375,19518.1000
2020-12-01,A5520110308,"AQ Gamer 3","Premium Misty Green",22,590.1159,12982.5498
2020-12-01,A1018150101,"AQ 5000 Series Electron 9 5900X Desktop Processor",Standard,281,111.1036,31220.1116
2020-12-01,A0220150203,"AQ WereWolf NAS Internal Hard Drive HDD – 8.89 cm",Premium,121,23.6154,2857.4634
2020-12-01,A5520110307,"AQ Gamer 3","Premium Black",18,609.7926,10976.2668
2020-12-01,A4419110402,"AQ Elite","Standard Blue",70,281.9504,19736.5280
2020-12-01,A2721150705,"AQ Trigger Ms","Premium 1",464,19.4042,9003.5488
2020-12-01,A2020150501,"AQ MB Lito 2",Standard,34,41.3696,1406.5664
2020-12-01,A2620150601,"AQ Qwerty Ms","Standard 1",513,14.9013,7644.3669
2020-12-01,A3718150102,"AQ LION x1","Plus 1 ",149,16.1015,2399.1235
2020-12-01,A5318110106,"AQ Gamer 1","Plus Black",7,565.8747,3961.1229
2020-12-01,A5520110306,"AQ Gamer 3","Plus Black",9,639.6816,5757.1344
2020-12-01,A4218110204,"AQ Digit","Plus Grey",41,232.1038,9516.2558
2020-12-01,A0219150202,"AQ WereWolf NAS Internal Hard Drive HDD – 8.89 cm",Plus,409,24.7312,10115.0608
2020-12-01,A5520110305,"AQ Gamer 3","Plus Cool Blue",13,632.4885,8222.3505
2020-12-01,A5318110107,"AQ Gamer 1","Premium Black",31,571.6489,17721.1159
2020-12-01,A7118160101,"AQ Wi Power Dx1",Standard,1218,29.6712,36139.5216
2020-12-01,A2620150602,"AQ Qwerty Ms","Standard 2",1584,15.8102,25043.3568
2020-12-01,A3819150204,"AQ LION x2","Plus 3",98,21.1942,2077.0316
2020-12-01,A1718150202,"AQ MB Crossx","Plus 1",142,22.8957,3251.1894
2020-12-01,A3718150103,"AQ LION x1","Plus 2",62,17.5697,1089.3214
2020-12-01,A5519110304,"AQ Gamer 3","Plus Firey Red",25,597.7704,14944.2600
2020-12-01,A3220150402,"AQ Lite","Standard 2",577,18.7947,10844.5419
2020-12-01,A2721150704,"AQ Trigger Ms","Plus 2",977,19.5860,19135.5220
2020-12-01,A0219150201,"AQ WereWolf NAS Internal Hard Drive HDD – 8.89 cm",Standard,362,23.6987,8578.9294
2020-12-01,A6819160203,"AQ Pen Drive DRC",Premium,1394,5.0984,7107.1696
2020-12-01,A2620150603,"AQ Qwerty Ms","Plus 1",1269,15.9792,20277.6048
2020-12-01,A4118110105,"AQ Aspiron","Plus Blue",57,182.8932,10424.9124
2020-12-01,A5519110303,"AQ Gamer 3","Standard Black",30,604.2721,18128.1630
2020-12-01,A1320150403,"AQ Electron 5 3600 Desktop Processor",Premium,79,160.6912,12694.6048
2020-12-01,A5318110108,"AQ Gamer 1","Premium Misty Green",29,579.6609,16810.1661
2020-12-01,A5519110302,"AQ Gamer 3","Standard Cool Blue",30,605.8642,18175.9260
2020-12-01,A4620110607,"AQ Gen Y","Premium Black",58,347.8030,20172.5740
2020-12-01,A5419110201,"AQ Gamer 2","Standard Firey Red",22,585.0003,12870.0066
2020-12-01,A1521150602,"AQ Electron 3 3600 Desktop Processor",Plus,210,185.4599,38946.5790
2020-12-01,A2620150604,"AQ Qwerty Ms","Plus 2",726,16.5491,12014.6466
2020-12-01,A2020150502,"AQ MB Lito 2","Plus 1",148,39.3932,5830.1936
2020-12-01,A0118150104,"AQ Dracula HDD – 3.5 Inch SATA 6 Gb/s 5400 RPM 256 MB Cache","Premium Plus",199,22.9729,4571.6071
2020-12-01,A5519110301,"AQ Gamer 3","Standard Firey Red",8,589.7411,4717.9288
2020-12-01,A3421150605,"AQ Qwerty","Premium 1",1128,29.8692,33692.4576
2020-12-01,A2721150703,"AQ Trigger Ms","Plus 1",970,16.9353,16427.2410
2020-12-01,A5419110208,"AQ Gamer 2","Premium Misty Green",9,608.4070,5475.6630
2020-12-01,A5419110202,"AQ Gamer 2","Standard Cool Blue",16,567.9271,9086.8336
2020-12-01,A0921150601,"AQ Marquee P4",Standard,147,45.0813,6626.9511
2020-12-01,A2620150605,"AQ Qwerty Ms","Premium 1",318,16.5882,5275.0476
2020-12-01,A0118150103,"AQ Dracula HDD – 3.5 Inch SATA 6 Gb/s 5400 RPM 256 MB Cache",Premium,383,21.7795,8341.5485
2020-12-01,A6818160202,"AQ Pen Drive DRC",Plus,722,3.8531,2781.9382
2020-12-01,A2721150702,"AQ Trigger Ms","Standard 2",1501,17.2368,25872.4368
2020-12-01,A5419110207,"AQ Gamer 2","Premium Black",6,599.2302,3595.3812
2020-12-01,A3819150205,"AQ LION x2",Premium,61,21.6066,1318.0026
2020-12-01,A0118150102,"AQ Dracula HDD – 3.5 Inch SATA 6 Gb/s 5400 RPM 256 MB Cache",Plus,172,21.4565,3690.5180
2020-12-01,A5419110203,"AQ Gamer 2","Standard Black",27,595.5711,16080.4197
2020-12-01,A4620110608,"AQ Gen Y","Premium Misty Green",40,363.0630,14522.5200
2020-12-01,A2620150606,"AQ Qwerty Ms","Premium 2",651,16.7850,10927.0350
2020-12-01,A4021150405,"AQ Mx NB",Premium,68,31.7029,2155.7972
2020-12-01,A5419110206,"AQ Gamer 2","Plus Black",7,601.6398,4211.4786
2020-12-01,A6818160201,"AQ Pen Drive DRC",Standard,2085,2.9990,6252.9150
2020-12-01,A5419110204,"AQ Gamer 2","Plus Firey Red",9,602.9200,5426.2800
2020-12-01,A5419110205,"AQ Gamer 2","Plus Cool Blue",25,570.7578,14268.9450
2020-12-01,A3220150401,"AQ Lite","Standard 1",1118,18.4943,20676.6274
2020-12-01,A0118150101,"AQ Dracula HDD – 3.5 Inch SATA 6 Gb/s 5400 RPM 256 MB Cache",Standard,113,19.0573,2153.4749
